style,id,name,type,category,package,ini,sound_count,translation,sound
descriptive,-1,maybe,PACENOTE,MODIFIER,RBR,Extended.ini,1,Vielleicht,maybe.ogg
descriptive,-1,narrows,PACENOTE,MODIFIER,RBR,Extended.ini,1,Enger,narrows.ogg
descriptive,-1,cut,PACENOTE,MODIFIER,RBR,Extended.ini,1,Cut,cut.ogg
descriptive,-1,into,PACENOTE,LINKS,RBR,Extended.ini,1,In,into.ogg
descriptive,-1,400,RANGE,EXTENDED,RBR,Extended.ini,1,400,400.ogg
descriptive,-1,450,RANGE,EXTENDED,RBR,Extended.ini,1,450,450.ogg
descriptive,-1,30,RANGE,EXTENDED,RBR,Extended.ini,1,30,30.ogg
descriptive,-1,60,RANGE,EXTENDED,RBR,Extended.ini,1,60,60.ogg
descriptive,-1,180,RANGE,EXTENDED,RBR,Extended.ini,1,180,180.ogg
descriptive,-1,tightens,PACENOTE,ADJECTIVES,RBR,Extended.ini,1,Macht Zu,tightens.ogg
descriptive,-1,200,RANGE,EXTENDED,RBR,Extended.ini,1,200,200.ogg
descriptive,-1,40,RANGE,EXTENDED,RBR,Extended.ini,1,40,40.ogg
descriptive,-1,tightensbad,PACENOTE,ADJECTIVES,RBR,Extended.ini,1,Macht Stark Zu,tightensbad.ogg
descriptive,-1,160,RANGE,EXTENDED,RBR,Extended.ini,1,160,160.ogg
descriptive,-1,250,RANGE,EXTENDED,RBR,Extended.ini,1,250,250.ogg
descriptive,-1,and,PACENOTE,LINKS,RBR,Extended.ini,1,Und,and.ogg
descriptive,-1,300,RANGE,EXTENDED,RBR,Extended.ini,1,300,300.ogg
descriptive,-1,350,RANGE,EXTENDED,RBR,Extended.ini,1,350,350.ogg
descriptive,-1,50,RANGE,EXTENDED,RBR,Extended.ini,1,50,50.ogg
descriptive,-1,onto,PACENOTE,LINKS,RBR,Extended.ini,1,Auf,onto.ogg
descriptive,-1,600,RANGE,EXTENDED,RBR,Extended.ini,1,600,600.ogg
descriptive,-1,80,RANGE,EXTENDED,RBR,Extended.ini,1,80,80.ogg
descriptive,-1,long,PACENOTE,MODIFIER,RBR,Extended.ini,1,Lang,long.ogg
descriptive,-1,tightens,PACENOTE,MODIFIER,RBR,Extended.ini,1,Macht zu,tightens.ogg
descriptive,-1,800,RANGE,EXTENDED,RBR,Extended.ini,1,800,800.ogg
descriptive,-1,700,RANGE,EXTENDED,RBR,Extended.ini,1,700,700.ogg
descriptive,-1,caution_water,PACENOTE,CAUTIONS,RBR,Extended.ini,1,Achtung Wasser,caution_water.ogg
descriptive,-1,100,RANGE,EXTENDED,RBR,Extended.ini,1,100,100.ogg
descriptive,-1,tightensbad,PACENOTE,MODIFIER,RBR,Extended.ini,1,Macht sehr zu,tightensbad.ogg
descriptive,-1,dontcut,PACENOTE,MODIFIER,RBR,Extended.ini,1,Don't Cut,dontcut.ogg
descriptive,-1,120,RANGE,EXTENDED,RBR,Extended.ini,1,120,120.ogg
descriptive,-1,140,RANGE,EXTENDED,RBR,Extended.ini,1,140,140.ogg
descriptive,-1,900,RANGE,EXTENDED,RBR,Extended.ini,1,900,900.ogg
descriptive,-1,wideout,PACENOTE,MODIFIER,RBR,Extended.ini,1,Breiter,wideout.ogg
descriptive,-1,150,RANGE,EXTENDED,RBR,Extended.ini,1,150,150.ogg
descriptive,-1,500,RANGE,EXTENDED,RBR,Extended.ini,1,500,500.ogg
descriptive,-1,1000,RANGE,EXTENDED,RBR,Extended.ini,1,1000,1000.ogg
descriptive,-1,70,RANGE,EXTENDED,RBR,Extended.ini,1,70,70.ogg
descriptive,0,one_left,PACENOTE,CORNERS,RBR,Numeric.ini,1,Kehre Links,hairpin_left.ogg
descriptive,1,square_left,PACENOTE,CORNERS,RBR,Numeric.ini,1,90 Links,square_left.ogg
descriptive,2,three_left,PACENOTE,CORNERS,RBR,Numeric.ini,1,K Links,kleft.ogg
descriptive,9,three_right,PACENOTE,CORNERS,RBR,Numeric.ini,1,K Rechts,kright.ogg
descriptive,10,square_right,PACENOTE,CORNERS,RBR,Numeric.ini,1,90 Rechts,square_right.ogg
descriptive,11,one_right,PACENOTE,CORNERS,RBR,Numeric.ini,1,Kehre Rechts,hairpin_right.ogg
descriptive,12,twisty,PACENOTE,LINE,RBR,Extended.ini,1,Kurvig,twisty.ogg
descriptive,14,narrows,PACENOTE,ADDITIONAL,RBR,Extended.ini,1,Enger,narrows.ogg
descriptive,15,wideout,PACENOTE,ADDITIONAL,RBR,Extended.ini,1,Breiter,wideout.ogg
descriptive,16,overcrest,PACENOTE,OBSTACLES,RBR,Extended.ini,1,Über Kuppe,overcrest.ogg
descriptive,17,ford,PACENOTE,OBSTACLES,RBR,Extended.ini,1,Furt,ford.ogg
descriptive,18,care,PACENOTE,CAUTIONS,RBR,Extended.ini,1,Vorsicht,care.ogg
descriptive,19,bump,PACENOTE,OBSTACLES,RBR,Extended.ini,1,Schlag,bump.ogg
descriptive,20,jump,PACENOTE,OBSTACLES,RBR,Extended.ini,1,Sprung,jump.ogg
descriptive,22,finish,PACENOTE,LINKS,RBR,Extended.ini,1,Ziel,finish.ogg
descriptive,25,flat_right,PACENOTE,CORNERS,RBR,Numeric.ini,1,Voll Rechts,flat_right.ogg
descriptive,26,flat_left,PACENOTE,CORNERS,RBR,Numeric.ini,1,Voll Links,flat_left.ogg
descriptive,27,bridge,PACENOTE,OBSTACLES,RBR,Extended.ini,1,Brücke,bridge.ogg
descriptive,28,gostraight,PACENOTE,LINE,RBR,Extended.ini,1,Geradeaus,gostraight.ogg
descriptive,29,keepright,PACENOTE,LINE,RBR,Extended.ini,1,Rechts Halten,keepright.ogg
descriptive,30,keepleft,PACENOTE,LINE,RBR,Extended.ini,1,Links Halten,keepleft.ogg
descriptive,31,keepmiddle,PACENOTE,LINE,RBR,Extended.ini,1,Mittig Halten,keepmiddle.ogg
descriptive,32,caution,PACENOTE,CAUTIONS,RBR,Extended.ini,1,Achtung,caution.ogg
descriptive,102,two_left,PACENOTE,CORNERS,RBR,Numeric.ini,1,Langsam Links,slowleft.ogg
descriptive,112,two_right,PACENOTE,CORNERS,RBR,Numeric.ini,1,Langsam Rechts,slowright.ogg
descriptive,120,left,PACENOTE,CORNERS,RBR,Numeric.ini,1,Links,left.ogg
descriptive,121,right,PACENOTE,CORNERS,RBR,Numeric.ini,1,Rechts,right.ogg
descriptive,122,right_into,PACENOTE,CORNERS,RBR,Numeric.ini,1,Rechts In,right_into.ogg
descriptive,123,left_into,PACENOTE,CORNERS,RBR,Numeric.ini,1,Links In,left_into.ogg
descriptive,124,right_left,PACENOTE,CORNERS,RBR,Numeric.ini,1,Rechts-Links,right_left.ogg
descriptive,125,left_right,PACENOTE,CORNERS,RBR,Numeric.ini,1,Links-Rechts,left_right.ogg
descriptive,126,right_around,PACENOTE,CORNERS,RBR,Numeric.ini,1,Rechts Herum,right_around.ogg
descriptive,127,left_around,PACENOTE,CORNERS,RBR,Numeric.ini,1,Links Herum,left_around.ogg
descriptive,200,over_bridge,PACENOTE,OBSTACLES,RBR,Extended.ini,1,Über Brücke,over_bridge.ogg
descriptive,201,over_rails,PACENOTE,OBSTACLES,RBR,Extended.ini,1,Über Gleis,over_rails.ogg
descriptive,202,over_railway,PACENOTE,OBSTACLES,RBR,Extended.ini,1,Über Schienenstrang,over_railway.ogg
descriptive,211,deepcut,PACENOTE,LINE,RBR,Extended.ini,1,Cut Tief,deepcut.ogg
descriptive,212,fullcut,PACENOTE,LINE,RBR,Extended.ini,1,Cut Voll,fullcut.ogg
descriptive,214,full,PACENOTE,DRIVING,RBR,Extended.ini,1,Voll,full.ogg
descriptive,215,go_full,PACENOTE,DRIVING,RBR,Extended.ini,1,Vollgas,go_full.ogg
descriptive,216,flatout,PACENOTE,DRIVING,RBR,Extended.ini,1,Flatout,flatout.ogg
descriptive,217,brake,PACENOTE,CAUTIONS,RBR,Extended.ini,1,Bremsen,brake.ogg
descriptive,218,light_cut,PACENOTE,LINE,RBR,Extended.ini,1,Cut Leicht,light_cut.ogg
descriptive,219,handbrake,PACENOTE,DRIVING,RBR,Extended.ini,1,Handbremse,handbrake.ogg
descriptive,220,keep_in,PACENOTE,LINE,RBR,Extended.ini,1,Innen bleiben,keep_in.ogg
descriptive,221,keep_out,PACENOTE,LINE,RBR,Extended.ini,1,Aussen bleiben,keep_out.ogg
descriptive,223,clip,PACENOTE,LINE,RBR,Extended.ini,1,Einhängen,clip.ogg
descriptive,230,minus,PACENOTE,ADDITIONAL,RBR,Extended.ini,1,Minus,minus.ogg
descriptive,231,minusminus,PACENOTE,ADDITIONAL,RBR,Extended.ini,1,MinusMinus,minusminus.ogg
descriptive,232,plus,PACENOTE,ADDITIONAL,RBR,Extended.ini,1,Plus,plus.ogg
descriptive,233,plusplus,PACENOTE,ADDITIONAL,RBR,Extended.ini,1,PlusPlus,plusplus.ogg
descriptive,234,early,PACENOTE,ADDITIONAL,RBR,Extended.ini,1,Früh,early.ogg
descriptive,235,late,PACENOTE,ADDITIONAL,RBR,Extended.ini,1,Spät,late.ogg
descriptive,236,easy,PACENOTE,ADDITIONAL,RBR,Extended.ini,1,Wenig,easy.ogg
descriptive,237,much,PACENOTE,ADDITIONAL,RBR,Extended.ini,1,Viel,much.ogg
descriptive,238,many,PACENOTE,ADJECTIVES,RBR,Extended.ini,1,Viele,many.ogg
descriptive,239,very,PACENOTE,ADJECTIVES,RBR,Extended.ini,1,Sehr,very.ogg
descriptive,240,hard,PACENOTE,ADDITIONAL,RBR,Extended.ini,1,Stark,hard.ogg
descriptive,241,fast,PACENOTE,ADJECTIVES,RBR,Extended.ini,1,Schnell,fast.ogg
descriptive,242,slow,PACENOTE,ADJECTIVES,RBR,Extended.ini,1,Langsam,slow.ogg
descriptive,243,exact,PACENOTE,ADJECTIVES,RBR,Extended.ini,1,Genau,exact.ogg
descriptive,244,slowing,PACENOTE,DRIVING,RBR,Extended.ini,1,Langsamer,slowing.ogg
descriptive,245,directly,PACENOTE,ADJECTIVES,RBR,Extended.ini,1,Sofort,directly.ogg
descriptive,246,light,PACENOTE,ADJECTIVES,RBR,Extended.ini,1,Leicht,light.ogg
descriptive,247,big,PACENOTE,ADJECTIVES,RBR,Extended.ini,1,Groß,big.ogg
descriptive,248,small,PACENOTE,ADJECTIVES,RBR,Extended.ini,1,Klein,small.ogg
descriptive,249,sharp,PACENOTE,ADDITIONAL,RBR,Extended.ini,1,Spitz,sharp.ogg
descriptive,250,round,PACENOTE,ADDITIONAL,RBR,Extended.ini,1,Rund,round.ogg
descriptive,251,tight,PACENOTE,ADDITIONAL,RBR,Extended.ini,1,Eng,tight.ogg
descriptive,252,slight,PACENOTE,ADJECTIVES,RBR,Extended.ini,1,Etwas,slight.ogg
descriptive,253,good,PACENOTE,ADJECTIVES,RBR,Extended.ini,1,Gut,good.ogg
descriptive,254,bad,PACENOTE,ADJECTIVES,RBR,Extended.ini,1,Schlecht,bad.ogg
descriptive,255,narrow,PACENOTE,ROAD,RBR,Extended.ini,1,Eng,narrow.ogg
descriptive,256,wide,PACENOTE,ROAD,RBR,Extended.ini,1,Breit,wide.ogg
descriptive,257,straight,PACENOTE,ADJECTIVES,RBR,Extended.ini,1,Gerade,straight.ogg
descriptive,260,uphill,PACENOTE,LINE,RBR,Extended.ini,1,Bergauf,uphill.ogg
descriptive,261,downhill,PACENOTE,LINE,RBR,Extended.ini,1,Bergab,downhill.ogg
descriptive,263,longlong,PACENOTE,ADDITIONAL,RBR,Extended.ini,1,LangLang,longlong.ogg
descriptive,264,short,PACENOTE,ADDITIONAL,RBR,Extended.ini,1,Kurz,short.ogg
descriptive,265,shortshort,PACENOTE,ADDITIONAL,RBR,Extended.ini,1,KurzKurz,shortshort.ogg
descriptive,266,gonarrow,PACENOTE,LINE,RBR,Extended.ini,1,Wird Enger,gonarrow.ogg
descriptive,267,gowide,PACENOTE,LINE,RBR,Extended.ini,1,Wird Breiter,gowide.ogg
descriptive,268,slippery,PACENOTE,CAUTIONS,RBR,Extended.ini,1,Rutschig/Schmiert,slippery.ogg
descriptive,269,slide,PACENOTE,CONDITION,RBR,Extended.ini,1,Gleiten,slide.ogg
descriptive,270,understeer,PACENOTE,DRIVING,RBR,Extended.ini,1,Schiebt,understeer.ogg
descriptive,271,sideways,PACENOTE,LINE,RBR,Extended.ini,1,Versetzt,sideways.ogg
descriptive,272,hook,PACENOTE,LINE,RBR,Extended.ini,1,Einhängen,hook.ogg
descriptive,273,draws_in,PACENOTE,DRIVING,RBR,Extended.ini,1,Dreht Ein,draws_in.ogg
descriptive,274,very_long,PACENOTE,ADDITIONAL,RBR,Extended.ini,1,Sehr Lang,very_long.ogg
descriptive,275,very_short,PACENOTE,ADDITIONAL,RBR,Extended.ini,1,Sehr Kurz,very_short.ogg
descriptive,277,slippy,PACENOTE,CAUTIONS,RBR,Extended.ini,1,Rutschig/Schmiert,slippy.ogg
descriptive,290,muddy,PACENOTE,CONDITION,RBR,Extended.ini,1,Matsch,muddy.ogg
descriptive,291,dirty,PACENOTE,CONDITION,RBR,Extended.ini,1,Schmutzig,dirty.ogg
descriptive,292,bumpy,PACENOTE,CONDITION,RBR,Extended.ini,1,Bucklig,bumpy.ogg
descriptive,293,cramped,PACENOTE,CONDITION,RBR,Extended.ini,1,Verengt,cramped.ogg
descriptive,294,positive,PACENOTE,ADJECTIVES,RBR,Extended.ini,1,Positiv,positive.ogg
descriptive,295,negative,PACENOTE,ADJECTIVES,RBR,Extended.ini,1,Negativ,negative.ogg
descriptive,296,dirt,PACENOTE,CONDITION,RBR,Extended.ini,1,Schmutz,dirt.ogg
descriptive,298,opens,PACENOTE,ADJECTIVES,RBR,Extended.ini,1,Macht Auf,opens.ogg
descriptive,299,fakes,PACENOTE,CAUTIONS,RBR,Extended.ini,1,Täuscht,fakes.ogg
descriptive,300,bumps,PACENOTE,OBSTACLES,RBR,Extended.ini,1,Schwellen,bumps.ogg
descriptive,301,hidden,PACENOTE,CAUTIONS,RBR,Extended.ini,1,Versteckt,hidden.ogg
descriptive,302,blind,PACENOTE,CAUTIONS,RBR,Extended.ini,1,Blind,blind.ogg
descriptive,303,double_caution,PACENOTE,CAUTIONS,RBR,Extended.ini,1,Gut Aufpassen,double_caution.ogg
descriptive,304,triple_caution,PACENOTE,CAUTIONS,RBR,Extended.ini,1,Höchste Vorsicht,triple_caution.ogg
descriptive,320,gravel,PACENOTE,SURFACE,RBR,Extended.ini,1,Schotter,gravel.ogg
descriptive,321,tarmac,PACENOTE,SURFACE,RBR,Extended.ini,1,Asphalt,tarmac.ogg
descriptive,322,concrete,PACENOTE,SURFACE,RBR,Extended.ini,1,Beton,concrete.ogg
descriptive,324,grit,PACENOTE,SURFACE,RBR,Extended.ini,1,Kies,grit.ogg
descriptive,325,snow,PACENOTE,SURFACE,RBR,Extended.ini,1,Schnee,snow.ogg
descriptive,326,onsplit,PACENOTE,SURFACE,RBR,Extended.ini,1,Splitt,onsplit.ogg
descriptive,327,icy,PACENOTE,SURFACE,RBR,Extended.ini,1,Eisig,icy.ogg
descriptive,328,rubble,PACENOTE,SURFACE,RBR,Extended.ini,1,Geröll,rubble.ogg
descriptive,329,ice,PACENOTE,SURFACE,RBR,Extended.ini,1,Eis,ice.ogg
descriptive,330,loose_gravel,PACENOTE,SURFACE,RBR,Extended.ini,1,Loser Schotter,loose_gravel.ogg
descriptive,340,crest,PACENOTE,OBSTACLES,RBR,Extended.ini,1,Kuppe,crest.ogg
descriptive,341,hollow,PACENOTE,ROAD,RBR,Extended.ini,1,Senke,hollow.ogg
descriptive,342,camber,PACENOTE,ROAD,RBR,Extended.ini,1,Wölbung,camber.ogg
descriptive,343,reverse_camber,PACENOTE,ROAD,RBR,Extended.ini,1,Wanne,reverse_camber.ogg
descriptive,344,hole,PACENOTE,OBSTACLES,RBR,Extended.ini,1,Loch,hole.ogg
descriptive,345,ruts,PACENOTE,CAUTIONS,RBR,Extended.ini,1,Rillen,ruts.ogg
descriptive,346,deepruts,PACENOTE,CAUTIONS,RBR,Extended.ini,1,Tiefe Rillen,deepruts.ogg
descriptive,347,border,PACENOTE,CAUTIONS,RBR,Extended.ini,1,Rand,border.ogg
descriptive,348,edge,PACENOTE,CAUTIONS,RBR,Extended.ini,1,Kante,edge.ogg
descriptive,349,curb,PACENOTE,CAUTIONS,RBR,Extended.ini,1,Bordstein,curb.ogg
descriptive,350,ditch,PACENOTE,CAUTIONS,RBR,Extended.ini,1,Graben,ditch.ogg
descriptive,351,junction,PACENOTE,LINE,RBR,Extended.ini,1,Abzweig,junction.ogg
descriptive,352,curve,PACENOTE,ROAD,RBR,Extended.ini,1,Kurve,curve.ogg
descriptive,353,turn,PACENOTE,ROAD,RBR,Extended.ini,1,Abbiegen,turn.ogg
descriptive,354,steep_drop,PACENOTE,CAUTIONS,RBR,Extended.ini,1,Steiler Abhang,steep_drop.ogg
descriptive,355,bad_camber,PACENOTE,ROAD,RBR,Extended.ini,1,Starke Wölbung,bad_camber.ogg
descriptive,356,shoulder,PACENOTE,CAUTIONS,RBR,Extended.ini,1,Bankett,shoulder.ogg
descriptive,357,steep_hill,PACENOTE,CAUTIONS,RBR,Extended.ini,1,Steiles Gefälle,steep_hill.ogg
descriptive,358,steep_incline,PACENOTE,CAUTIONS,RBR,Extended.ini,1,Steiler Anstieg,steep_incline.ogg
descriptive,359,steep_slope,PACENOTE,CAUTIONS,RBR,Extended.ini,1,Steilhang,steep_slope.ogg
descriptive,361,dip,PACENOTE,OBSTACLES,RBR,Extended.ini,1,Abhang,dip.ogg
descriptive,363,drops_left,PACENOTE,ROAD,RBR,Extended.ini,1,Hängt Links,drops_left.ogg
descriptive,364,drops_right,PACENOTE,ROAD,RBR,Extended.ini,1,Hängt Rechts,drops_right.ogg
descriptive,365,fork_left,PACENOTE,ROAD,RBR,Extended.ini,1,Abzweig Links,fork_left.ogg
descriptive,366,fork_right,PACENOTE,ROAD,RBR,Extended.ini,1,Abzweig Rechts,fork_right.ogg
descriptive,370,fence,PACENOTE,CONSTRUCTION,RBR,Extended.ini,1,Zaun,fence.ogg
descriptive,371,wall,PACENOTE,CONSTRUCTION,RBR,Extended.ini,1,Mauer,wall.ogg
descriptive,372,house,PACENOTE,CONSTRUCTION,RBR,Extended.ini,1,Haus,house.ogg
descriptive,373,tree,PACENOTE,OBSTACLES,RBR,Extended.ini,1,Baum,tree.ogg
descriptive,374,stump,PACENOTE,OBSTACLES,RBR,Extended.ini,1,Stumpf,stump.ogg
descriptive,375,mast,PACENOTE,CONSTRUCTION,RBR,Extended.ini,1,Mast,mast.ogg
descriptive,376,post,PACENOTE,CONSTRUCTION,RBR,Extended.ini,1,Pfosten,post.ogg
descriptive,377,island,PACENOTE,CONSTRUCTION,RBR,Extended.ini,1,Kreisel,island.ogg
descriptive,378,chicane,PACENOTE,CONSTRUCTION,RBR,Extended.ini,1,Schikane,chicane.ogg
descriptive,379,stone,PACENOTE,OBSTACLES,RBR,Extended.ini,1,Stein,stone.ogg
descriptive,380,rock,PACENOTE,OBSTACLES,RBR,Extended.ini,1,Fels,rock.ogg
descriptive,381,tunnel,PACENOTE,OBSTACLES,RBR,Extended.ini,1,Tunnel,tunnel.ogg
descriptive,382,road,PACENOTE,CONSTRUCTION,RBR,Extended.ini,1,Straße,road.ogg
descriptive,383,walk,PACENOTE,CONSTRUCTION,RBR,Extended.ini,1,Weg,walk.ogg
descriptive,384,rails,PACENOTE,OBSTACLES,RBR,Extended.ini,1,Gleis,rails.ogg
descriptive,385,sign,PACENOTE,OBSTACLES,RBR,Extended.ini,1,Schild,sign.ogg
descriptive,386,bush,PACENOTE,OBSTACLES,RBR,Extended.ini,1,Busch,bush.ogg
descriptive,387,path,PACENOTE,CONSTRUCTION,RBR,Extended.ini,1,Weg,path.ogg
descriptive,388,water,PACENOTE,OBSTACLES,RBR,Extended.ini,1,Wasser,water.ogg
descriptive,389,puddle,PACENOTE,OBSTACLES,RBR,Extended.ini,1,Pfütze,puddle.ogg
descriptive,392,left_entry_chicane,PACENOTE,LINE,RBR,Extended.ini,1,Schikane Eingang Links,left_entry_chicane.ogg
descriptive,393,right_entry_chicane,PACENOTE,LINE,RBR,Extended.ini,1,Schikane Eingang Rechts,right_entry_chicane.ogg
descriptive,399,roundabout,PACENOTE,CONSTRUCTION,RBR,Extended.ini,1,Kreisverkehr,roundabout.ogg
descriptive,400,through,PACENOTE,PREPOSITIONS,RBR,Extended.ini,1,Durch,through.ogg
descriptive,401,after,PACENOTE,PREPOSITIONS,RBR,Extended.ini,1,Nach,after.ogg
descriptive,402,near,PACENOTE,PREPOSITIONS,RBR,Extended.ini,1,Nahe,near.ogg
descriptive,403,on,PACENOTE,PREPOSITIONS,RBR,Extended.ini,1,Auf,on.ogg
descriptive,404,until,PACENOTE,PREPOSITIONS,RBR,Extended.ini,1,Bis,until.ogg
descriptive,405,at,PACENOTE,PREPOSITIONS,RBR,Extended.ini,1,Bei,at.ogg
descriptive,406,before,PACENOTE,PREPOSITIONS,RBR,Extended.ini,1,Vor,before.ogg
descriptive,407,over,PACENOTE,PREPOSITIONS,RBR,Extended.ini,1,Über,over.ogg
descriptive,408,in,PACENOTE,PREPOSITIONS,RBR,Extended.ini,1,In,in.ogg
descriptive,409,behind,PACENOTE,PREPOSITIONS,RBR,Extended.ini,1,Hinter,behind.ogg
descriptive,410,for,PACENOTE,PREPOSITIONS,RBR,Extended.ini,1,Für,for.ogg
descriptive,411,inside,PACENOTE,PREPOSITIONS,RBR,Extended.ini,1,Innen,inside.ogg
descriptive,412,outside,PACENOTE,ADDITIONAL,RBR,Extended.ini,1,Aussen,outside.ogg
descriptive,412,outside,PACENOTE,PREPOSITIONS,RBR,Extended.ini,1,Außen,outside.ogg
descriptive,430,done,PACENOTE,LINKS,RBR,Extended.ini,1,Ende,done.ogg
descriptive,431,stop,PACENOTE,LINKS,RBR,Extended.ini,1,Stop,stop.ogg
descriptive,432,line,PACENOTE,LINE,RBR,Extended.ini,1,Linie,line.ogg
descriptive,443,wooden_fence,PACENOTE,CONSTRUCTION,RBR,Extended.ini,1,Holzzaun,wooden_fence.ogg
descriptive,540,onto_gravel,PACENOTE,SURFACE,RBR,Extended.ini,1,Auf Schotter,onto_gravel.ogg
descriptive,541,onto_tarmac,PACENOTE,SURFACE,RBR,Extended.ini,1,Auf Asphalt,onto_tarmac.ogg
descriptive,542,onto_concrete,PACENOTE,SURFACE,RBR,Extended.ini,1,Auf Beton,onto_concrete.ogg
descriptive,544,onto_grit,PACENOTE,SURFACE,RBR,Extended.ini,1,Auf Kies,onto_grit.ogg
descriptive,545,onto_snow,PACENOTE,SURFACE,RBR,Extended.ini,1,Auf Schnee,onto_snow.ogg
descriptive,546,wet,PACENOTE,CONDITION,RBR,Extended.ini,1,Nass,wet.ogg
descriptive,547,dry,PACENOTE,CONDITION,RBR,Extended.ini,1,Trocken,dry.ogg
descriptive,548,damp,PACENOTE,CONDITION,RBR,Extended.ini,1,Feucht,damp.ogg
descriptive,549,hold,PACENOTE,LINE,RBR,Extended.ini,1,Halten,hold.ogg
descriptive,550,take_speed,PACENOTE,DRIVING,RBR,Extended.ini,1,Speed Mit,take_speed.ogg
descriptive,551,l_foot_braking,PACENOTE,ADDITIONAL,RBR,Extended.ini,1,LinksFussBremsen,l_foot_braking.ogg
descriptive,552,grip_off,PACENOTE,CONDITION,RBR,Extended.ini,1,Reißt Ab,grip_off.ogg
descriptive,553,grip,PACENOTE,CONDITION,RBR,Extended.ini,1,Grip,grip.ogg
descriptive,554,good_grip,PACENOTE,CONDITION,RBR,Extended.ini,1,Viel Grip,good_grip.ogg
descriptive,555,to_sight_distance,PACENOTE,LINE,RBR,Extended.ini,1,Bis Sicht,to_sight_distance.ogg
descriptive,556,split_time,PACENOTE,LINKS,RBR,Extended.ini,1,Zeit,split_time.ogg
descriptive,557,entry,PACENOTE,LINE,RBR,Extended.ini,1,Eingang,entry.ogg
descriptive,2001,tightens6,PACENOTE,ADJECTIVES,RBR,Extended.ini,1,Macht zu 6*,tightens6.ogg
descriptive,2002,tightens5,PACENOTE,ADJECTIVES,RBR,Extended.ini,1,Macht zu 5*,tightens5.ogg
descriptive,2003,tightens4,PACENOTE,ADJECTIVES,RBR,Extended.ini,1,Macht zu 4*,tightens4.ogg
descriptive,2004,tightens3,PACENOTE,ADJECTIVES,RBR,Extended.ini,1,Macht zu 3*,tightens3.ogg
descriptive,2005,tightens2,PACENOTE,ADJECTIVES,RBR,Extended.ini,1,Macht zu 2*,tightens2.ogg
descriptive,2006,tightens1,PACENOTE,ADJECTIVES,RBR,Extended.ini,1,Macht zu 1*,tightens1.ogg
descriptive,2008,tosix,PACENOTE,ADJECTIVES,RBR,Extended.ini,1,6*,6.ogg
descriptive,2009,tofive,PACENOTE,ADJECTIVES,RBR,Extended.ini,1,5*,5.ogg
descriptive,2010,tofour,PACENOTE,ADJECTIVES,RBR,Extended.ini,1,4*,4.ogg
descriptive,2011,tothree,PACENOTE,ADJECTIVES,RBR,Extended.ini,1,3*,3.ogg
descriptive,2012,totwo,PACENOTE,ADJECTIVES,RBR,Extended.ini,1,2*,two_de.ogg
descriptive,2013,toone,PACENOTE,ADJECTIVES,RBR,Extended.ini,1,1*,1.ogg
descriptive,2015,tightenslate,PACENOTE,ADJECTIVES,RBR,Extended.ini,1,Macht Spät Zu,tightenslate.ogg
descriptive,2018,openstightens,PACENOTE,ADJECTIVES,RBR,Extended.ini,1,Macht Auf und Zu,openstightens.ogg
descriptive,2019,tightensopens,PACENOTE,ADJECTIVES,RBR,Extended.ini,1,Macht Zu und Auf,tightensopens.ogg
descriptive,2021,care_in,PACENOTE,CAUTIONS,RBR,Extended.ini,1,Vorsicht Innen*,carein.ogg
descriptive,2022,care_out,PACENOTE,CAUTIONS,RBR,Extended.ini,1,Vorsicht Außen*,careout.ogg
descriptive,2029,continuesovercrest,PACENOTE,OBSTACLES,RBR,Extended.ini,1,Halten über Kuppe,continuesovercrest.ogg
descriptive,2106,jumpfull,PACENOTE,OBSTACLES,RBR,Extended.ini,1,Sprung Voll,jumpfull.ogg
descriptive,2108,overjump,PACENOTE,OBSTACLES,RBR,Extended.ini,1,Über Sprung,overjump.ogg
descriptive,2109,smallcrest,PACENOTE,OBSTACLES,RBR,Extended.ini,1,Kuppe Klein,smallcrest.ogg
reversed,-1,maybe,PACENOTE,MODIFIER,RBR,Extended.ini,1,Vielleicht,maybe.ogg
reversed,-1,narrows,PACENOTE,MODIFIER,RBR,Extended.ini,1,Enger,narrows.ogg
reversed,-1,cut,PACENOTE,MODIFIER,RBR,Extended.ini,1,Cut,cut.ogg
reversed,-1,into,PACENOTE,LINKS,RBR,Extended.ini,1,In,into.ogg
reversed,-1,400,RANGE,EXTENDED,RBR,Extended.ini,1,400,400.ogg
reversed,-1,450,RANGE,EXTENDED,RBR,Extended.ini,1,450,450.ogg
reversed,-1,30,RANGE,EXTENDED,RBR,Extended.ini,1,30,30.ogg
reversed,-1,60,RANGE,EXTENDED,RBR,Extended.ini,1,60,60.ogg
reversed,-1,180,RANGE,EXTENDED,RBR,Extended.ini,1,180,180.ogg
reversed,-1,tightens,PACENOTE,ADJECTIVES,RBR,Extended.ini,1,Macht Zu,tightens.ogg
reversed,-1,200,RANGE,EXTENDED,RBR,Extended.ini,1,200,200.ogg
reversed,-1,40,RANGE,EXTENDED,RBR,Extended.ini,1,40,40.ogg
reversed,-1,tightensbad,PACENOTE,ADJECTIVES,RBR,Extended.ini,1,Macht Stark Zu,tightensbad.ogg
reversed,-1,160,RANGE,EXTENDED,RBR,Extended.ini,1,160,160.ogg
reversed,-1,250,RANGE,EXTENDED,RBR,Extended.ini,1,250,250.ogg
reversed,-1,and,PACENOTE,LINKS,RBR,Extended.ini,1,Und,and.ogg
reversed,-1,300,RANGE,EXTENDED,RBR,Extended.ini,1,300,300.ogg
reversed,-1,70,RANGE,EXTENDED,RBR,Extended.ini,1,70,70.ogg
reversed,-1,350,RANGE,EXTENDED,RBR,Extended.ini,1,350,350.ogg
reversed,-1,50,RANGE,EXTENDED,RBR,Extended.ini,1,50,50.ogg
reversed,-1,onto,PACENOTE,LINKS,RBR,Extended.ini,1,Auf,onto.ogg
reversed,-1,600,RANGE,EXTENDED,RBR,Extended.ini,1,600,600.ogg
reversed,-1,80,RANGE,EXTENDED,RBR,Extended.ini,1,80,80.ogg
reversed,-1,long,PACENOTE,MODIFIER,RBR,Extended.ini,1,Lang,long.ogg
reversed,-1,tightens,PACENOTE,MODIFIER,RBR,Extended.ini,1,Macht zu,tightens.ogg
reversed,-1,800,RANGE,EXTENDED,RBR,Extended.ini,1,800,800.ogg
reversed,-1,700,RANGE,EXTENDED,RBR,Extended.ini,1,700,700.ogg
reversed,-1,caution_water,PACENOTE,CAUTIONS,RBR,Extended.ini,1,Achtung Wasser,caution_water.ogg
reversed,-1,100,RANGE,EXTENDED,RBR,Extended.ini,1,100,100.ogg
reversed,-1,tightensbad,PACENOTE,MODIFIER,RBR,Extended.ini,1,Macht sehr zu,tightensbad.ogg
reversed,-1,dontcut,PACENOTE,MODIFIER,RBR,Extended.ini,1,Don't Cut,dontcut.ogg
reversed,-1,120,RANGE,EXTENDED,RBR,Extended.ini,1,120,120.ogg
reversed,-1,140,RANGE,EXTENDED,RBR,Extended.ini,1,140,140.ogg
reversed,-1,900,RANGE,EXTENDED,RBR,Extended.ini,1,900,900.ogg
reversed,-1,wideout,PACENOTE,MODIFIER,RBR,Extended.ini,1,Breiter,wideout.ogg
reversed,-1,150,RANGE,EXTENDED,RBR,Extended.ini,1,150,150.ogg
reversed,-1,500,RANGE,EXTENDED,RBR,Extended.ini,1,500,500.ogg
reversed,-1,1000,RANGE,EXTENDED,RBR,Extended.ini,1,1000,1000.ogg
reversed,0,one_left,PACENOTE,CORNERS,RBR,Numeric.ini,1,Kehre Links,hairpin_left.ogg
reversed,1,square_left,PACENOTE,CORNERS,RBR,Numeric.ini,1,2 Links,left_two_de.ogg
reversed,2,three_left,PACENOTE,CORNERS,RBR,Numeric.ini,1,3 Links,left_three.ogg
reversed,3,four_left,PACENOTE,CORNERS,RBR,Numeric.ini,1,4 Links,left_four.ogg
reversed,4,five_left,PACENOTE,CORNERS,RBR,Numeric.ini,1,5 Links,left_five.ogg
reversed,5,six_left,PACENOTE,CORNERS,RBR,Numeric.ini,1,6 Links,left_six.ogg
reversed,6,six_right,PACENOTE,CORNERS,RBR,Numeric.ini,1,6 Rechts,right_six.ogg
reversed,7,five_right,PACENOTE,CORNERS,RBR,Numeric.ini,1,5 Rechts,right_five.ogg
reversed,8,four_right,PACENOTE,CORNERS,RBR,Numeric.ini,1,4 Rechts,right_four.ogg
reversed,9,three_right,PACENOTE,CORNERS,RBR,Numeric.ini,1,3 Rechts,right_three.ogg
reversed,10,square_right,PACENOTE,CORNERS,RBR,Numeric.ini,1,2 Rechts,right_two_de.ogg
reversed,11,one_right,PACENOTE,CORNERS,RBR,Numeric.ini,1,Kehre Rechts,hairpin_right.ogg
reversed,12,twisty,PACENOTE,LINE,RBR,Extended.ini,1,Kurvig,twisty.ogg
reversed,14,narrows,PACENOTE,ADDITIONAL,RBR,Extended.ini,1,Enger,narrows.ogg
reversed,15,wideout,PACENOTE,ADDITIONAL,RBR,Extended.ini,1,Breiter,wideout.ogg
reversed,16,overcrest,PACENOTE,OBSTACLES,RBR,Extended.ini,1,Über Kuppe,overcrest.ogg
reversed,17,ford,PACENOTE,OBSTACLES,RBR,Extended.ini,1,Furt,ford.ogg
reversed,18,care,PACENOTE,CAUTIONS,RBR,Extended.ini,1,Vorsicht,care.ogg
reversed,19,bump,PACENOTE,OBSTACLES,RBR,Extended.ini,1,Schlag,bump.ogg
reversed,20,jump,PACENOTE,OBSTACLES,RBR,Extended.ini,1,Sprung,jump.ogg
reversed,22,finish,PACENOTE,LINKS,RBR,Extended.ini,1,Ziel,finish.ogg
reversed,25,flat_right,PACENOTE,CORNERS,RBR,Numeric.ini,1,Voll Rechts,right_flat.ogg
reversed,26,flat_left,PACENOTE,CORNERS,RBR,Numeric.ini,1,Voll Links,left_flat.ogg
reversed,27,bridge,PACENOTE,OBSTACLES,RBR,Extended.ini,1,Brücke,bridge.ogg
reversed,28,gostraight,PACENOTE,LINE,RBR,Extended.ini,1,Geradeaus,gostraight.ogg
reversed,29,keepright,PACENOTE,LINE,RBR,Extended.ini,1,Rechts Halten,keepright.ogg
reversed,30,keepleft,PACENOTE,LINE,RBR,Extended.ini,1,Links Halten,keepleft.ogg
reversed,31,keepmiddle,PACENOTE,LINE,RBR,Extended.ini,1,Mittig Halten,keepmiddle.ogg
reversed,32,caution,PACENOTE,CAUTIONS,RBR,Extended.ini,1,Achtung,caution.ogg
reversed,102,two_left,PACENOTE,CORNERS,RBR,Numeric.ini,1,1 Links,left_one.ogg
reversed,112,two_right,PACENOTE,CORNERS,RBR,Numeric.ini,1,1 Rechts,right_one.ogg
reversed,120,left,PACENOTE,CORNERS,RBR,Numeric.ini,1,Links,left.ogg
reversed,121,right,PACENOTE,CORNERS,RBR,Numeric.ini,1,Rechts,right.ogg
reversed,122,right_into,PACENOTE,CORNERS,RBR,Numeric.ini,1,Rechts In,right_into.ogg
reversed,123,left_into,PACENOTE,CORNERS,RBR,Numeric.ini,1,Links In,left_into.ogg
reversed,124,right_left,PACENOTE,CORNERS,RBR,Numeric.ini,1,Rechts-Links,right_left.ogg
reversed,125,left_right,PACENOTE,CORNERS,RBR,Numeric.ini,1,Links-Rechts,left_right.ogg
reversed,126,right_around,PACENOTE,CORNERS,RBR,Numeric.ini,1,Rechts Herum,right_around.ogg
reversed,127,left_around,PACENOTE,CORNERS,RBR,Numeric.ini,1,Links Herum,left_around.ogg
reversed,200,over_bridge,PACENOTE,OBSTACLES,RBR,Extended.ini,1,Über Brücke,over_bridge.ogg
reversed,201,over_rails,PACENOTE,OBSTACLES,RBR,Extended.ini,1,Über Gleis,over_rails.ogg
reversed,202,over_railway,PACENOTE,OBSTACLES,RBR,Extended.ini,1,Über Schienenstrang,over_railway.ogg
reversed,211,deepcut,PACENOTE,LINE,RBR,Extended.ini,1,Cut Tief,deepcut.ogg
reversed,212,fullcut,PACENOTE,LINE,RBR,Extended.ini,1,Cut Voll,fullcut.ogg
reversed,214,full,PACENOTE,DRIVING,RBR,Extended.ini,1,Voll,full.ogg
reversed,215,go_full,PACENOTE,DRIVING,RBR,Extended.ini,1,Vollgas,go_full.ogg
reversed,216,flatout,PACENOTE,DRIVING,RBR,Extended.ini,1,Flatout,flatout.ogg
reversed,217,brake,PACENOTE,CAUTIONS,RBR,Extended.ini,1,Bremsen,brake.ogg
reversed,218,light_cut,PACENOTE,LINE,RBR,Extended.ini,1,Cut Leicht,light_cut.ogg
reversed,219,handbrake,PACENOTE,DRIVING,RBR,Extended.ini,1,Handbremse,handbrake.ogg
reversed,220,keep_in,PACENOTE,LINE,RBR,Extended.ini,1,Innen bleiben,keep_in.ogg
reversed,221,keep_out,PACENOTE,LINE,RBR,Extended.ini,1,Aussen bleiben,keep_out.ogg
reversed,223,clip,PACENOTE,LINE,RBR,Extended.ini,1,Einhängen,clip.ogg
reversed,230,minus,PACENOTE,ADDITIONAL,RBR,Extended.ini,1,Minus,minus.ogg
reversed,231,minusminus,PACENOTE,ADDITIONAL,RBR,Extended.ini,1,MinusMinus,minusminus.ogg
reversed,232,plus,PACENOTE,ADDITIONAL,RBR,Extended.ini,1,Plus,plus.ogg
reversed,233,plusplus,PACENOTE,ADDITIONAL,RBR,Extended.ini,1,PlusPlus,plusplus.ogg
reversed,234,early,PACENOTE,ADDITIONAL,RBR,Extended.ini,1,Früh,early.ogg
reversed,235,late,PACENOTE,ADDITIONAL,RBR,Extended.ini,1,Spät,late.ogg
reversed,236,easy,PACENOTE,ADDITIONAL,RBR,Extended.ini,1,Wenig,easy.ogg
reversed,237,much,PACENOTE,ADDITIONAL,RBR,Extended.ini,1,Viel,much.ogg
reversed,238,many,PACENOTE,ADJECTIVES,RBR,Extended.ini,1,Viele,many.ogg
reversed,239,very,PACENOTE,ADJECTIVES,RBR,Extended.ini,1,Sehr,very.ogg
reversed,240,hard,PACENOTE,ADDITIONAL,RBR,Extended.ini,1,Stark,hard.ogg
reversed,241,fast,PACENOTE,ADJECTIVES,RBR,Extended.ini,1,Schnell,fast.ogg
reversed,242,slow,PACENOTE,ADJECTIVES,RBR,Extended.ini,1,Langsam,slow.ogg
reversed,243,exact,PACENOTE,ADJECTIVES,RBR,Extended.ini,1,Genau,exact.ogg
reversed,244,slowing,PACENOTE,DRIVING,RBR,Extended.ini,1,Langsamer,slowing.ogg
reversed,245,directly,PACENOTE,ADJECTIVES,RBR,Extended.ini,1,Sofort,directly.ogg
reversed,246,light,PACENOTE,ADJECTIVES,RBR,Extended.ini,1,Leicht,light.ogg
reversed,247,big,PACENOTE,ADJECTIVES,RBR,Extended.ini,1,Groß,big.ogg
reversed,248,small,PACENOTE,ADJECTIVES,RBR,Extended.ini,1,Klein,small.ogg
reversed,249,sharp,PACENOTE,ADDITIONAL,RBR,Extended.ini,1,Spitz,sharp.ogg
reversed,250,round,PACENOTE,ADDITIONAL,RBR,Extended.ini,1,Rund,round.ogg
reversed,251,tight,PACENOTE,ADDITIONAL,RBR,Extended.ini,1,Eng,tight.ogg
reversed,252,slight,PACENOTE,ADJECTIVES,RBR,Extended.ini,1,Etwas,slight.ogg
reversed,253,good,PACENOTE,ADJECTIVES,RBR,Extended.ini,1,Gut,good.ogg
reversed,254,bad,PACENOTE,ADJECTIVES,RBR,Extended.ini,1,Schlecht,bad.ogg
reversed,255,narrow,PACENOTE,ROAD,RBR,Extended.ini,1,Eng,narrow.ogg
reversed,256,wide,PACENOTE,ROAD,RBR,Extended.ini,1,Breit,wide.ogg
reversed,257,straight,PACENOTE,ADJECTIVES,RBR,Extended.ini,1,Gerade,straight.ogg
reversed,260,uphill,PACENOTE,LINE,RBR,Extended.ini,1,Bergauf,uphill.ogg
reversed,261,downhill,PACENOTE,LINE,RBR,Extended.ini,1,Bergab,downhill.ogg
reversed,263,longlong,PACENOTE,ADDITIONAL,RBR,Extended.ini,1,LangLang,longlong.ogg
reversed,264,short,PACENOTE,ADDITIONAL,RBR,Extended.ini,1,Kurz,short.ogg
reversed,265,shortshort,PACENOTE,ADDITIONAL,RBR,Extended.ini,1,KurzKurz,shortshort.ogg
reversed,266,gonarrow,PACENOTE,LINE,RBR,Extended.ini,1,Wird Enger,gonarrow.ogg
reversed,267,gowide,PACENOTE,LINE,RBR,Extended.ini,1,Wird Breiter,gowide.ogg
reversed,268,slippery,PACENOTE,CAUTIONS,RBR,Extended.ini,1,Rutschig/Schmiert,slippery.ogg
reversed,269,slide,PACENOTE,CONDITION,RBR,Extended.ini,1,Gleiten,slide.ogg
reversed,270,understeer,PACENOTE,DRIVING,RBR,Extended.ini,1,Schiebt,understeer.ogg
reversed,271,sideways,PACENOTE,LINE,RBR,Extended.ini,1,Versetzt,sideways.ogg
reversed,272,hook,PACENOTE,LINE,RBR,Extended.ini,1,Einhängen,hook.ogg
reversed,273,draws_in,PACENOTE,DRIVING,RBR,Extended.ini,1,Dreht Ein,draws_in.ogg
reversed,274,very_long,PACENOTE,ADDITIONAL,RBR,Extended.ini,1,Sehr Lang,very_long.ogg
reversed,275,very_short,PACENOTE,ADDITIONAL,RBR,Extended.ini,1,Sehr Kurz,very_short.ogg
reversed,277,slippy,PACENOTE,CAUTIONS,RBR,Extended.ini,1,Rutschig/Schmiert,slippy.ogg
reversed,290,muddy,PACENOTE,CONDITION,RBR,Extended.ini,1,Matsch,muddy.ogg
reversed,291,dirty,PACENOTE,CONDITION,RBR,Extended.ini,1,Schmutzig,dirty.ogg
reversed,292,bumpy,PACENOTE,CONDITION,RBR,Extended.ini,1,Bucklig,bumpy.ogg
reversed,293,cramped,PACENOTE,CONDITION,RBR,Extended.ini,1,Verengt,cramped.ogg
reversed,294,positive,PACENOTE,ADJECTIVES,RBR,Extended.ini,1,Positiv,positive.ogg
reversed,295,negative,PACENOTE,ADJECTIVES,RBR,Extended.ini,1,Negativ,negative.ogg
reversed,296,dirt,PACENOTE,CONDITION,RBR,Extended.ini,1,Schmutz,dirt.ogg
reversed,298,opens,PACENOTE,ADJECTIVES,RBR,Extended.ini,1,Macht Auf,opens.ogg
reversed,299,fakes,PACENOTE,CAUTIONS,RBR,Extended.ini,1,Täuscht,fakes.ogg
reversed,300,bumps,PACENOTE,OBSTACLES,RBR,Extended.ini,1,Schwellen,bumps.ogg
reversed,301,hidden,PACENOTE,CAUTIONS,RBR,Extended.ini,1,Versteckt,hidden.ogg
reversed,302,blind,PACENOTE,CAUTIONS,RBR,Extended.ini,1,Blind,blind.ogg
reversed,303,double_caution,PACENOTE,CAUTIONS,RBR,Extended.ini,1,Gut Aufpassen,double_caution.ogg
reversed,304,triple_caution,PACENOTE,CAUTIONS,RBR,Extended.ini,1,Höchste Vorsicht,triple_caution.ogg
reversed,320,gravel,PACENOTE,SURFACE,RBR,Extended.ini,1,Schotter,gravel.ogg
reversed,321,tarmac,PACENOTE,SURFACE,RBR,Extended.ini,1,Asphalt,tarmac.ogg
reversed,322,concrete,PACENOTE,SURFACE,RBR,Extended.ini,1,Beton,concrete.ogg
reversed,324,grit,PACENOTE,SURFACE,RBR,Extended.ini,1,Kies,grit.ogg
reversed,325,snow,PACENOTE,SURFACE,RBR,Extended.ini,1,Schnee,snow.ogg
reversed,326,onsplit,PACENOTE,SURFACE,RBR,Extended.ini,1,Splitt,onsplit.ogg
reversed,327,icy,PACENOTE,SURFACE,RBR,Extended.ini,1,Eisig,icy.ogg
reversed,328,rubble,PACENOTE,SURFACE,RBR,Extended.ini,1,Geröll,rubble.ogg
reversed,329,ice,PACENOTE,SURFACE,RBR,Extended.ini,1,Eis,ice.ogg
reversed,330,loose_gravel,PACENOTE,SURFACE,RBR,Extended.ini,1,Loser Schotter,loose_gravel.ogg
reversed,340,crest,PACENOTE,OBSTACLES,RBR,Extended.ini,1,Kuppe,crest.ogg
reversed,341,hollow,PACENOTE,ROAD,RBR,Extended.ini,1,Senke,hollow.ogg
reversed,342,camber,PACENOTE,ROAD,RBR,Extended.ini,1,Wölbung,camber.ogg
reversed,343,reverse_camber,PACENOTE,ROAD,RBR,Extended.ini,1,Wanne,reverse_camber.ogg
reversed,344,hole,PACENOTE,OBSTACLES,RBR,Extended.ini,1,Loch,hole.ogg
reversed,345,ruts,PACENOTE,CAUTIONS,RBR,Extended.ini,1,Rillen,ruts.ogg
reversed,346,deepruts,PACENOTE,CAUTIONS,RBR,Extended.ini,1,Tiefe Rillen,deepruts.ogg
reversed,347,border,PACENOTE,CAUTIONS,RBR,Extended.ini,1,Rand,border.ogg
reversed,348,edge,PACENOTE,CAUTIONS,RBR,Extended.ini,1,Kante,edge.ogg
reversed,349,curb,PACENOTE,CAUTIONS,RBR,Extended.ini,1,Bordstein,curb.ogg
reversed,350,ditch,PACENOTE,CAUTIONS,RBR,Extended.ini,1,Graben,ditch.ogg
reversed,351,junction,PACENOTE,LINE,RBR,Extended.ini,1,Abzweig,junction.ogg
reversed,352,curve,PACENOTE,ROAD,RBR,Extended.ini,1,Kurve,curve.ogg
reversed,353,turn,PACENOTE,ROAD,RBR,Extended.ini,1,Abbiegen,turn.ogg
reversed,354,steep_drop,PACENOTE,CAUTIONS,RBR,Extended.ini,1,Steiler Abhang,steep_drop.ogg
reversed,355,bad_camber,PACENOTE,ROAD,RBR,Extended.ini,1,Starke Wölbung,bad_camber.ogg
reversed,356,shoulder,PACENOTE,CAUTIONS,RBR,Extended.ini,1,Bankett,shoulder.ogg
reversed,357,steep_hill,PACENOTE,CAUTIONS,RBR,Extended.ini,1,Steiles Gefälle,steep_hill.ogg
reversed,358,steep_incline,PACENOTE,CAUTIONS,RBR,Extended.ini,1,Steiler Anstieg,steep_incline.ogg
reversed,359,steep_slope,PACENOTE,CAUTIONS,RBR,Extended.ini,1,Steilhang,steep_slope.ogg
reversed,361,dip,PACENOTE,OBSTACLES,RBR,Extended.ini,1,Abhang,dip.ogg
reversed,363,drops_left,PACENOTE,ROAD,RBR,Extended.ini,1,Hängt Links,drops_left.ogg
reversed,364,drops_right,PACENOTE,ROAD,RBR,Extended.ini,1,Hängt Rechts,drops_right.ogg
reversed,365,fork_left,PACENOTE,ROAD,RBR,Extended.ini,1,Abzweig Links,fork_left.ogg
reversed,366,fork_right,PACENOTE,ROAD,RBR,Extended.ini,1,Abzweig Rechts,fork_right.ogg
reversed,370,fence,PACENOTE,CONSTRUCTION,RBR,Extended.ini,1,Zaun,fence.ogg
reversed,371,wall,PACENOTE,CONSTRUCTION,RBR,Extended.ini,1,Mauer,wall.ogg
reversed,372,house,PACENOTE,CONSTRUCTION,RBR,Extended.ini,1,Haus,house.ogg
reversed,373,tree,PACENOTE,OBSTACLES,RBR,Extended.ini,1,Baum,tree.ogg
reversed,374,stump,PACENOTE,OBSTACLES,RBR,Extended.ini,1,Stumpf,stump.ogg
reversed,375,mast,PACENOTE,CONSTRUCTION,RBR,Extended.ini,1,Mast,mast.ogg
reversed,376,post,PACENOTE,CONSTRUCTION,RBR,Extended.ini,1,Pfosten,post.ogg
reversed,377,island,PACENOTE,CONSTRUCTION,RBR,Extended.ini,1,Kreisel,island.ogg
reversed,378,chicane,PACENOTE,CONSTRUCTION,RBR,Extended.ini,1,Schikane,chicane.ogg
reversed,379,stone,PACENOTE,OBSTACLES,RBR,Extended.ini,1,Stein,stone.ogg
reversed,380,rock,PACENOTE,OBSTACLES,RBR,Extended.ini,1,Fels,rock.ogg
reversed,381,tunnel,PACENOTE,OBSTACLES,RBR,Extended.ini,1,Tunnel,tunnel.ogg
reversed,382,road,PACENOTE,CONSTRUCTION,RBR,Extended.ini,1,Straße,road.ogg
reversed,383,walk,PACENOTE,CONSTRUCTION,RBR,Extended.ini,1,Weg,walk.ogg
reversed,384,rails,PACENOTE,OBSTACLES,RBR,Extended.ini,1,Gleis,rails.ogg
reversed,385,sign,PACENOTE,OBSTACLES,RBR,Extended.ini,1,Schild,sign.ogg
reversed,386,bush,PACENOTE,OBSTACLES,RBR,Extended.ini,1,Busch,bush.ogg
reversed,387,path,PACENOTE,CONSTRUCTION,RBR,Extended.ini,1,Weg,path.ogg
reversed,388,water,PACENOTE,OBSTACLES,RBR,Extended.ini,1,Wasser,water.ogg
reversed,389,puddle,PACENOTE,OBSTACLES,RBR,Extended.ini,1,Pfütze,puddle.ogg
reversed,392,left_entry_chicane,PACENOTE,LINE,RBR,Extended.ini,1,Schikane Eingang Links,left_entry_chicane.ogg
reversed,393,right_entry_chicane,PACENOTE,LINE,RBR,Extended.ini,1,Schikane Eingang Rechts,right_entry_chicane.ogg
reversed,399,roundabout,PACENOTE,CONSTRUCTION,RBR,Extended.ini,1,Kreisverkehr,roundabout.ogg
reversed,400,through,PACENOTE,PREPOSITIONS,RBR,Extended.ini,1,Durch,through.ogg
reversed,401,after,PACENOTE,PREPOSITIONS,RBR,Extended.ini,1,Nach,after.ogg
reversed,402,near,PACENOTE,PREPOSITIONS,RBR,Extended.ini,1,Nahe,near.ogg
reversed,403,on,PACENOTE,PREPOSITIONS,RBR,Extended.ini,1,Auf,on.ogg
reversed,404,until,PACENOTE,PREPOSITIONS,RBR,Extended.ini,1,Bis,until.ogg
reversed,405,at,PACENOTE,PREPOSITIONS,RBR,Extended.ini,1,Bei,at.ogg
reversed,406,before,PACENOTE,PREPOSITIONS,RBR,Extended.ini,1,Vor,before.ogg
reversed,407,over,PACENOTE,PREPOSITIONS,RBR,Extended.ini,1,Über,over.ogg
reversed,408,in,PACENOTE,PREPOSITIONS,RBR,Extended.ini,1,In,in.ogg
reversed,409,behind,PACENOTE,PREPOSITIONS,RBR,Extended.ini,1,Hinter,behind.ogg
reversed,410,for,PACENOTE,PREPOSITIONS,RBR,Extended.ini,1,Für,for.ogg
reversed,411,inside,PACENOTE,PREPOSITIONS,RBR,Extended.ini,1,Innen,inside.ogg
reversed,412,outside,PACENOTE,ADDITIONAL,RBR,Extended.ini,1,Aussen,outside.ogg
reversed,412,outside,PACENOTE,PREPOSITIONS,RBR,Extended.ini,1,Außen,outside.ogg
reversed,430,done,PACENOTE,LINKS,RBR,Extended.ini,1,Ende,done.ogg
reversed,431,stop,PACENOTE,LINKS,RBR,Extended.ini,1,Stop,stop.ogg
reversed,432,line,PACENOTE,LINE,RBR,Extended.ini,1,Linie,line.ogg
reversed,443,wooden_fence,PACENOTE,CONSTRUCTION,RBR,Extended.ini,1,Holzzaun,wooden_fence.ogg
reversed,540,onto_gravel,PACENOTE,SURFACE,RBR,Extended.ini,1,Auf Schotter,onto_gravel.ogg
reversed,541,onto_tarmac,PACENOTE,SURFACE,RBR,Extended.ini,1,Auf Asphalt,onto_tarmac.ogg
reversed,542,onto_concrete,PACENOTE,SURFACE,RBR,Extended.ini,1,Auf Beton,onto_concrete.ogg
reversed,544,onto_grit,PACENOTE,SURFACE,RBR,Extended.ini,1,Auf Kies,onto_grit.ogg
reversed,545,onto_snow,PACENOTE,SURFACE,RBR,Extended.ini,1,Auf Schnee,onto_snow.ogg
reversed,546,wet,PACENOTE,CONDITION,RBR,Extended.ini,1,Nass,wet.ogg
reversed,547,dry,PACENOTE,CONDITION,RBR,Extended.ini,1,Trocken,dry.ogg
reversed,548,damp,PACENOTE,CONDITION,RBR,Extended.ini,1,Feucht,damp.ogg
reversed,549,hold,PACENOTE,LINE,RBR,Extended.ini,1,Halten,hold.ogg
reversed,550,take_speed,PACENOTE,DRIVING,RBR,Extended.ini,1,Speed Mit,take_speed.ogg
reversed,551,l_foot_braking,PACENOTE,ADDITIONAL,RBR,Extended.ini,1,LinksFussBremsen,l_foot_braking.ogg
reversed,552,grip_off,PACENOTE,CONDITION,RBR,Extended.ini,1,Reißt Ab,grip_off.ogg
reversed,553,grip,PACENOTE,CONDITION,RBR,Extended.ini,1,Grip,grip.ogg
reversed,554,good_grip,PACENOTE,CONDITION,RBR,Extended.ini,1,Viel Grip,good_grip.ogg
reversed,555,to_sight_distance,PACENOTE,LINE,RBR,Extended.ini,1,Bis Sicht,to_sight_distance.ogg
reversed,556,split_time,PACENOTE,LINKS,RBR,Extended.ini,1,Zeit,split_time.ogg
reversed,557,entry,PACENOTE,LINE,RBR,Extended.ini,1,Eingang,entry.ogg
reversed,2001,tightens6,PACENOTE,ADJECTIVES,RBR,Extended.ini,1,Macht zu 6*,tightens6.ogg
reversed,2002,tightens5,PACENOTE,ADJECTIVES,RBR,Extended.ini,1,Macht zu 5*,tightens5.ogg
reversed,2003,tightens4,PACENOTE,ADJECTIVES,RBR,Extended.ini,1,Macht zu 4*,tightens4.ogg
reversed,2004,tightens3,PACENOTE,ADJECTIVES,RBR,Extended.ini,1,Macht zu 3*,tightens3.ogg
reversed,2005,tightens2,PACENOTE,ADJECTIVES,RBR,Extended.ini,1,Macht zu 2*,tightens2.ogg
reversed,2006,tightens1,PACENOTE,ADJECTIVES,RBR,Extended.ini,1,Macht zu 1*,tightens1.ogg
reversed,2008,tosix,PACENOTE,ADJECTIVES,RBR,Extended.ini,1,6*,6.ogg
reversed,2009,tofive,PACENOTE,ADJECTIVES,RBR,Extended.ini,1,5*,5.ogg
reversed,2010,tofour,PACENOTE,ADJECTIVES,RBR,Extended.ini,1,4*,4.ogg
reversed,2011,tothree,PACENOTE,ADJECTIVES,RBR,Extended.ini,1,3*,3.ogg
reversed,2012,totwo,PACENOTE,ADJECTIVES,RBR,Extended.ini,1,2*,two_de.ogg
reversed,2013,toone,PACENOTE,ADJECTIVES,RBR,Extended.ini,1,1*,1.ogg
reversed,2015,tightenslate,PACENOTE,ADJECTIVES,RBR,Extended.ini,1,Macht Spät Zu,tightenslate.ogg
reversed,2018,openstightens,PACENOTE,ADJECTIVES,RBR,Extended.ini,1,Macht Auf und Zu,openstightens.ogg
reversed,2019,tightensopens,PACENOTE,ADJECTIVES,RBR,Extended.ini,1,Macht Zu und Auf,tightensopens.ogg
reversed,2021,care_in,PACENOTE,CAUTIONS,RBR,Extended.ini,1,Vorsicht Innen*,carein.ogg
reversed,2022,care_out,PACENOTE,CAUTIONS,RBR,Extended.ini,1,Vorsicht Außen*,careout.ogg
reversed,2029,continuesovercrest,PACENOTE,OBSTACLES,RBR,Extended.ini,1,Halten über Kuppe,continuesovercrest.ogg
reversed,2106,jumpfull,PACENOTE,OBSTACLES,RBR,Extended.ini,1,Sprung Voll,jumpfull.ogg
reversed,2108,overjump,PACENOTE,OBSTACLES,RBR,Extended.ini,1,Über Sprung,overjump.ogg
reversed,2109,smallcrest,PACENOTE,OBSTACLES,RBR,Extended.ini,1,Kuppe Klein,smallcrest.ogg
reversed,3001,90_links,PACENOTE,CORNERS,RBR,Numeric.ini,1,90 Links*,left_square.ogg
reversed,3010,90_rechts,PACENOTE,CORNERS,RBR,Numeric.ini,1,90 Rechts*,right_square.ogg
numeric,-1,maybe,PACENOTE,MODIFIER,RBR,Extended.ini,1,Vielleicht,maybe.ogg
numeric,-1,narrows,PACENOTE,MODIFIER,RBR,Extended.ini,1,Enger,narrows.ogg
numeric,-1,cut,PACENOTE,MODIFIER,RBR,Extended.ini,1,Cut,cut.ogg
numeric,-1,into,PACENOTE,LINKS,RBR,Extended.ini,1,In,into.ogg
numeric,-1,400,RANGE,EXTENDED,RBR,Extended.ini,1,400,400.ogg
numeric,-1,450,RANGE,EXTENDED,RBR,Extended.ini,1,450,450.ogg
numeric,-1,30,RANGE,EXTENDED,RBR,Extended.ini,1,30,30.ogg
numeric,-1,60,RANGE,EXTENDED,RBR,Extended.ini,1,60,60.ogg
numeric,-1,180,RANGE,EXTENDED,RBR,Extended.ini,1,180,180.ogg
numeric,-1,tightens,PACENOTE,ADJECTIVES,RBR,Extended.ini,1,Macht Zu,tightens.ogg
numeric,-1,200,RANGE,EXTENDED,RBR,Extended.ini,1,200,200.ogg
numeric,-1,40,RANGE,EXTENDED,RBR,Extended.ini,1,40,40.ogg
numeric,-1,tightensbad,PACENOTE,ADJECTIVES,RBR,Extended.ini,1,Macht Stark Zu,tightensbad.ogg
numeric,-1,160,RANGE,EXTENDED,RBR,Extended.ini,1,160,160.ogg
numeric,-1,250,RANGE,EXTENDED,RBR,Extended.ini,1,250,250.ogg
numeric,-1,and,PACENOTE,LINKS,RBR,Extended.ini,1,Und,and.ogg
numeric,-1,300,RANGE,EXTENDED,RBR,Extended.ini,1,300,300.ogg
numeric,-1,70,RANGE,EXTENDED,RBR,Extended.ini,1,70,70.ogg
numeric,-1,350,RANGE,EXTENDED,RBR,Extended.ini,1,350,350.ogg
numeric,-1,50,RANGE,EXTENDED,RBR,Extended.ini,1,50,50.ogg
numeric,-1,onto,PACENOTE,LINKS,RBR,Extended.ini,1,Auf,onto.ogg
numeric,-1,600,RANGE,EXTENDED,RBR,Extended.ini,1,600,600.ogg
numeric,-1,80,RANGE,EXTENDED,RBR,Extended.ini,1,80,80.ogg
numeric,-1,long,PACENOTE,MODIFIER,RBR,Extended.ini,1,Lang,long.ogg
numeric,-1,tightens,PACENOTE,MODIFIER,RBR,Extended.ini,1,Macht zu,tightens.ogg
numeric,-1,800,RANGE,EXTENDED,RBR,Extended.ini,1,800,800.ogg
numeric,-1,700,RANGE,EXTENDED,RBR,Extended.ini,1,700,700.ogg
numeric,-1,caution_water,PACENOTE,CAUTIONS,RBR,Extended.ini,1,Achtung Wasser,caution_water.ogg
numeric,-1,100,RANGE,EXTENDED,RBR,Extended.ini,1,100,100.ogg
numeric,-1,tightensbad,PACENOTE,MODIFIER,RBR,Extended.ini,1,Macht sehr zu,tightensbad.ogg
numeric,-1,dontcut,PACENOTE,MODIFIER,RBR,Extended.ini,1,Don't Cut,dontcut.ogg
numeric,-1,120,RANGE,EXTENDED,RBR,Extended.ini,1,120,120.ogg
numeric,-1,140,RANGE,EXTENDED,RBR,Extended.ini,1,140,140.ogg
numeric,-1,900,RANGE,EXTENDED,RBR,Extended.ini,1,900,900.ogg
numeric,-1,wideout,PACENOTE,MODIFIER,RBR,Extended.ini,1,Breiter,wideout.ogg
numeric,-1,150,RANGE,EXTENDED,RBR,Extended.ini,1,150,150.ogg
numeric,-1,500,RANGE,EXTENDED,RBR,Extended.ini,1,500,500.ogg
numeric,-1,1000,RANGE,EXTENDED,RBR,Extended.ini,1,1000,1000.ogg
numeric,0,one_left,PACENOTE,CORNERS,RBR,Numeric.ini,1,Kehre Links,hairpin_left.ogg
numeric,1,square_left,PACENOTE,CORNERS,RBR,Numeric.ini,1,2 Links,two_left_de.ogg
numeric,2,three_left,PACENOTE,CORNERS,RBR,Numeric.ini,1,3 Links,three_left.ogg
numeric,3,four_left,PACENOTE,CORNERS,RBR,Numeric.ini,1,4 Links,four_left.ogg
numeric,4,five_left,PACENOTE,CORNERS,RBR,Numeric.ini,1,5 Links,five_left.ogg
numeric,5,six_left,PACENOTE,CORNERS,RBR,Numeric.ini,1,6 Links,six_left.ogg
numeric,6,six_right,PACENOTE,CORNERS,RBR,Numeric.ini,1,6 Rechts,six_right.ogg
numeric,7,five_right,PACENOTE,CORNERS,RBR,Numeric.ini,1,5 Rechts,five_right.ogg
numeric,8,four_right,PACENOTE,CORNERS,RBR,Numeric.ini,1,4 Rechts,four_right.ogg
numeric,9,three_right,PACENOTE,CORNERS,RBR,Numeric.ini,1,3 Rechts,three_right.ogg
numeric,10,square_right,PACENOTE,CORNERS,RBR,Numeric.ini,1,2 Rechts,two_right_de.ogg
numeric,11,one_right,PACENOTE,CORNERS,RBR,Numeric.ini,1,Kehre Rechts,hairpin_right.ogg
numeric,12,twisty,PACENOTE,LINE,RBR,Extended.ini,1,Kurvig,twisty.ogg
numeric,14,narrows,PACENOTE,ADDITIONAL,RBR,Extended.ini,1,Enger,narrows.ogg
numeric,15,wideout,PACENOTE,ADDITIONAL,RBR,Extended.ini,1,Breiter,wideout.ogg
numeric,16,overcrest,PACENOTE,OBSTACLES,RBR,Extended.ini,1,Über Kuppe,overcrest.ogg
numeric,17,ford,PACENOTE,OBSTACLES,RBR,Extended.ini,1,Furt,ford.ogg
numeric,18,care,PACENOTE,CAUTIONS,RBR,Extended.ini,1,Vorsicht,care.ogg
numeric,19,bump,PACENOTE,OBSTACLES,RBR,Extended.ini,1,Schlag,bump.ogg
numeric,20,jump,PACENOTE,OBSTACLES,RBR,Extended.ini,1,Sprung,jump.ogg
numeric,22,finish,PACENOTE,LINKS,RBR,Extended.ini,1,Ziel,finish.ogg
numeric,25,flat_right,PACENOTE,CORNERS,RBR,Numeric.ini,1,Voll Rechts,flat_right.ogg
numeric,26,flat_left,PACENOTE,CORNERS,RBR,Numeric.ini,1,Voll Links,flat_left.ogg
numeric,27,bridge,PACENOTE,OBSTACLES,RBR,Extended.ini,1,Brücke,bridge.ogg
numeric,28,gostraight,PACENOTE,LINE,RBR,Extended.ini,1,Geradeaus,gostraight.ogg
numeric,29,keepright,PACENOTE,LINE,RBR,Extended.ini,1,Rechts Halten,keepright.ogg
numeric,30,keepleft,PACENOTE,LINE,RBR,Extended.ini,1,Links Halten,keepleft.ogg
numeric,31,keepmiddle,PACENOTE,LINE,RBR,Extended.ini,1,Mittig Halten,keepmiddle.ogg
numeric,32,caution,PACENOTE,CAUTIONS,RBR,Extended.ini,1,Achtung,caution.ogg
numeric,102,two_left,PACENOTE,CORNERS,RBR,Numeric.ini,1,1 Links,one_left.ogg
numeric,112,two_right,PACENOTE,CORNERS,RBR,Numeric.ini,1,1 Rechts,one_right.ogg
numeric,120,left,PACENOTE,CORNERS,RBR,Numeric.ini,1,Links,left.ogg
numeric,121,right,PACENOTE,CORNERS,RBR,Numeric.ini,1,Rechts,right.ogg
numeric,122,right_into,PACENOTE,CORNERS,RBR,Numeric.ini,1,Rechts In,right_into.ogg
numeric,123,left_into,PACENOTE,CORNERS,RBR,Numeric.ini,1,Links In,left_into.ogg
numeric,124,right_left,PACENOTE,CORNERS,RBR,Numeric.ini,1,Rechts-Links,right_left.ogg
numeric,125,left_right,PACENOTE,CORNERS,RBR,Numeric.ini,1,Links-Rechts,left_right.ogg
numeric,126,right_around,PACENOTE,CORNERS,RBR,Numeric.ini,1,Rechts Herum,right_around.ogg
numeric,127,left_around,PACENOTE,CORNERS,RBR,Numeric.ini,1,Links Herum,left_around.ogg
numeric,200,over_bridge,PACENOTE,OBSTACLES,RBR,Extended.ini,1,Über Brücke,over_bridge.ogg
numeric,201,over_rails,PACENOTE,OBSTACLES,RBR,Extended.ini,1,Über Gleis,over_rails.ogg
numeric,202,over_railway,PACENOTE,OBSTACLES,RBR,Extended.ini,1,Über Schienenstrang,over_railway.ogg
numeric,211,deepcut,PACENOTE,LINE,RBR,Extended.ini,1,Cut Tief,deepcut.ogg
numeric,212,fullcut,PACENOTE,LINE,RBR,Extended.ini,1,Cut Voll,fullcut.ogg
numeric,214,full,PACENOTE,DRIVING,RBR,Extended.ini,1,Voll,full.ogg
numeric,215,go_full,PACENOTE,DRIVING,RBR,Extended.ini,1,Vollgas,go_full.ogg
numeric,216,flatout,PACENOTE,DRIVING,RBR,Extended.ini,1,Flatout,flatout.ogg
numeric,217,brake,PACENOTE,CAUTIONS,RBR,Extended.ini,1,Bremsen,brake.ogg
numeric,218,light_cut,PACENOTE,LINE,RBR,Extended.ini,1,Cut Leicht,light_cut.ogg
numeric,219,handbrake,PACENOTE,DRIVING,RBR,Extended.ini,1,Handbremse,handbrake.ogg
numeric,220,keep_in,PACENOTE,LINE,RBR,Extended.ini,1,Innen bleiben,keep_in.ogg
numeric,221,keep_out,PACENOTE,LINE,RBR,Extended.ini,1,Aussen bleiben,keep_out.ogg
numeric,223,clip,PACENOTE,LINE,RBR,Extended.ini,1,Einhängen,clip.ogg
numeric,230,minus,PACENOTE,ADDITIONAL,RBR,Extended.ini,1,Minus,minus.ogg
numeric,231,minusminus,PACENOTE,ADDITIONAL,RBR,Extended.ini,1,MinusMinus,minusminus.ogg
numeric,232,plus,PACENOTE,ADDITIONAL,RBR,Extended.ini,1,Plus,plus.ogg
numeric,233,plusplus,PACENOTE,ADDITIONAL,RBR,Extended.ini,1,PlusPlus,plusplus.ogg
numeric,234,early,PACENOTE,ADDITIONAL,RBR,Extended.ini,1,Früh,early.ogg
numeric,235,late,PACENOTE,ADDITIONAL,RBR,Extended.ini,1,Spät,late.ogg
numeric,236,easy,PACENOTE,ADDITIONAL,RBR,Extended.ini,1,Wenig,easy.ogg
numeric,237,much,PACENOTE,ADDITIONAL,RBR,Extended.ini,1,Viel,much.ogg
numeric,238,many,PACENOTE,ADJECTIVES,RBR,Extended.ini,1,Viele,many.ogg
numeric,239,very,PACENOTE,ADJECTIVES,RBR,Extended.ini,1,Sehr,very.ogg
numeric,240,hard,PACENOTE,ADDITIONAL,RBR,Extended.ini,1,Stark,hard.ogg
numeric,241,fast,PACENOTE,ADJECTIVES,RBR,Extended.ini,1,Schnell,fast.ogg
numeric,242,slow,PACENOTE,ADJECTIVES,RBR,Extended.ini,1,Langsam,slow.ogg
numeric,243,exact,PACENOTE,ADJECTIVES,RBR,Extended.ini,1,Genau,exact.ogg
numeric,244,slowing,PACENOTE,DRIVING,RBR,Extended.ini,1,Langsamer,slowing.ogg
numeric,245,directly,PACENOTE,ADJECTIVES,RBR,Extended.ini,1,Sofort,directly.ogg
numeric,246,light,PACENOTE,ADJECTIVES,RBR,Extended.ini,1,Leicht,light.ogg
numeric,247,big,PACENOTE,ADJECTIVES,RBR,Extended.ini,1,Groß,big.ogg
numeric,248,small,PACENOTE,ADJECTIVES,RBR,Extended.ini,1,Klein,small.ogg
numeric,249,sharp,PACENOTE,ADDITIONAL,RBR,Extended.ini,1,Spitz,sharp.ogg
numeric,250,round,PACENOTE,ADDITIONAL,RBR,Extended.ini,1,Rund,round.ogg
numeric,251,tight,PACENOTE,ADDITIONAL,RBR,Extended.ini,1,Eng,tight.ogg
numeric,252,slight,PACENOTE,ADJECTIVES,RBR,Extended.ini,1,Etwas,slight.ogg
numeric,253,good,PACENOTE,ADJECTIVES,RBR,Extended.ini,1,Gut,good.ogg
numeric,254,bad,PACENOTE,ADJECTIVES,RBR,Extended.ini,1,Schlecht,bad.ogg
numeric,255,narrow,PACENOTE,ROAD,RBR,Extended.ini,1,Eng,narrow.ogg
numeric,256,wide,PACENOTE,ROAD,RBR,Extended.ini,1,Breit,wide.ogg
numeric,257,straight,PACENOTE,ADJECTIVES,RBR,Extended.ini,1,Gerade,straight.ogg
numeric,260,uphill,PACENOTE,LINE,RBR,Extended.ini,1,Bergauf,uphill.ogg
numeric,261,downhill,PACENOTE,LINE,RBR,Extended.ini,1,Bergab,downhill.ogg
numeric,263,longlong,PACENOTE,ADDITIONAL,RBR,Extended.ini,1,LangLang,longlong.ogg
numeric,264,short,PACENOTE,ADDITIONAL,RBR,Extended.ini,1,Kurz,short.ogg
numeric,265,shortshort,PACENOTE,ADDITIONAL,RBR,Extended.ini,1,KurzKurz,shortshort.ogg
numeric,266,gonarrow,PACENOTE,LINE,RBR,Extended.ini,1,Wird Enger,gonarrow.ogg
numeric,267,gowide,PACENOTE,LINE,RBR,Extended.ini,1,Wird Breiter,gowide.ogg
numeric,268,slippery,PACENOTE,CAUTIONS,RBR,Extended.ini,1,Rutschig/Schmiert,slippery.ogg
numeric,269,slide,PACENOTE,CONDITION,RBR,Extended.ini,1,Gleiten,slide.ogg
numeric,270,understeer,PACENOTE,DRIVING,RBR,Extended.ini,1,Schiebt,understeer.ogg
numeric,271,sideways,PACENOTE,LINE,RBR,Extended.ini,1,Versetzt,sideways.ogg
numeric,272,hook,PACENOTE,LINE,RBR,Extended.ini,1,Einhängen,hook.ogg
numeric,273,draws_in,PACENOTE,DRIVING,RBR,Extended.ini,1,Dreht Ein,draws_in.ogg
numeric,274,very_long,PACENOTE,ADDITIONAL,RBR,Extended.ini,1,Sehr Lang,very_long.ogg
numeric,275,very_short,PACENOTE,ADDITIONAL,RBR,Extended.ini,1,Sehr Kurz,very_short.ogg
numeric,277,slippy,PACENOTE,CAUTIONS,RBR,Extended.ini,1,Rutschig/Schmiert,slippy.ogg
numeric,290,muddy,PACENOTE,CONDITION,RBR,Extended.ini,1,Matsch,muddy.ogg
numeric,291,dirty,PACENOTE,CONDITION,RBR,Extended.ini,1,Schmutzig,dirty.ogg
numeric,292,bumpy,PACENOTE,CONDITION,RBR,Extended.ini,1,Bucklig,bumpy.ogg
numeric,293,cramped,PACENOTE,CONDITION,RBR,Extended.ini,1,Verengt,cramped.ogg
numeric,294,positive,PACENOTE,ADJECTIVES,RBR,Extended.ini,1,Positiv,positive.ogg
numeric,295,negative,PACENOTE,ADJECTIVES,RBR,Extended.ini,1,Negativ,negative.ogg
numeric,296,dirt,PACENOTE,CONDITION,RBR,Extended.ini,1,Schmutz,dirt.ogg
numeric,298,opens,PACENOTE,ADJECTIVES,RBR,Extended.ini,1,Macht Auf,opens.ogg
numeric,299,fakes,PACENOTE,CAUTIONS,RBR,Extended.ini,1,Täuscht,fakes.ogg
numeric,300,bumps,PACENOTE,OBSTACLES,RBR,Extended.ini,1,Schwellen,bumps.ogg
numeric,301,hidden,PACENOTE,CAUTIONS,RBR,Extended.ini,1,Versteckt,hidden.ogg
numeric,302,blind,PACENOTE,CAUTIONS,RBR,Extended.ini,1,Blind,blind.ogg
numeric,303,double_caution,PACENOTE,CAUTIONS,RBR,Extended.ini,1,Gut Aufpassen,double_caution.ogg
numeric,304,triple_caution,PACENOTE,CAUTIONS,RBR,Extended.ini,1,Höchste Vorsicht,triple_caution.ogg
numeric,320,gravel,PACENOTE,SURFACE,RBR,Extended.ini,1,Schotter,gravel.ogg
numeric,321,tarmac,PACENOTE,SURFACE,RBR,Extended.ini,1,Asphalt,tarmac.ogg
numeric,322,concrete,PACENOTE,SURFACE,RBR,Extended.ini,1,Beton,concrete.ogg
numeric,324,grit,PACENOTE,SURFACE,RBR,Extended.ini,1,Kies,grit.ogg
numeric,325,snow,PACENOTE,SURFACE,RBR,Extended.ini,1,Schnee,snow.ogg
numeric,326,onsplit,PACENOTE,SURFACE,RBR,Extended.ini,1,Splitt,onsplit.ogg
numeric,327,icy,PACENOTE,SURFACE,RBR,Extended.ini,1,Eisig,icy.ogg
numeric,328,rubble,PACENOTE,SURFACE,RBR,Extended.ini,1,Geröll,rubble.ogg
numeric,329,ice,PACENOTE,SURFACE,RBR,Extended.ini,1,Eis,ice.ogg
numeric,330,loose_gravel,PACENOTE,SURFACE,RBR,Extended.ini,1,Loser Schotter,loose_gravel.ogg
numeric,340,crest,PACENOTE,OBSTACLES,RBR,Extended.ini,1,Kuppe,crest.ogg
numeric,341,hollow,PACENOTE,ROAD,RBR,Extended.ini,1,Senke,hollow.ogg
numeric,342,camber,PACENOTE,ROAD,RBR,Extended.ini,1,Wölbung,camber.ogg
numeric,343,reverse_camber,PACENOTE,ROAD,RBR,Extended.ini,1,Wanne,reverse_camber.ogg
numeric,344,hole,PACENOTE,OBSTACLES,RBR,Extended.ini,1,Loch,hole.ogg
numeric,345,ruts,PACENOTE,CAUTIONS,RBR,Extended.ini,1,Rillen,ruts.ogg
numeric,346,deepruts,PACENOTE,CAUTIONS,RBR,Extended.ini,1,Tiefe Rillen,deepruts.ogg
numeric,347,border,PACENOTE,CAUTIONS,RBR,Extended.ini,1,Rand,border.ogg
numeric,348,edge,PACENOTE,CAUTIONS,RBR,Extended.ini,1,Kante,edge.ogg
numeric,349,curb,PACENOTE,CAUTIONS,RBR,Extended.ini,1,Bordstein,curb.ogg
numeric,350,ditch,PACENOTE,CAUTIONS,RBR,Extended.ini,1,Graben,ditch.ogg
numeric,351,junction,PACENOTE,LINE,RBR,Extended.ini,1,Abzweig,junction.ogg
numeric,352,curve,PACENOTE,ROAD,RBR,Extended.ini,1,Kurve,curve.ogg
numeric,353,turn,PACENOTE,ROAD,RBR,Extended.ini,1,Abbiegen,turn.ogg
numeric,354,steep_drop,PACENOTE,CAUTIONS,RBR,Extended.ini,1,Steiler Abhang,steep_drop.ogg
numeric,355,bad_camber,PACENOTE,ROAD,RBR,Extended.ini,1,Starke Wölbung,bad_camber.ogg
numeric,356,shoulder,PACENOTE,CAUTIONS,RBR,Extended.ini,1,Bankett,shoulder.ogg
numeric,357,steep_hill,PACENOTE,CAUTIONS,RBR,Extended.ini,1,Steiles Gefälle,steep_hill.ogg
numeric,358,steep_incline,PACENOTE,CAUTIONS,RBR,Extended.ini,1,Steiler Anstieg,steep_incline.ogg
numeric,359,steep_slope,PACENOTE,CAUTIONS,RBR,Extended.ini,1,Steilhang,steep_slope.ogg
numeric,361,dip,PACENOTE,OBSTACLES,RBR,Extended.ini,1,Abhang,dip.ogg
numeric,363,drops_left,PACENOTE,ROAD,RBR,Extended.ini,1,Hängt Links,drops_left.ogg
numeric,364,drops_right,PACENOTE,ROAD,RBR,Extended.ini,1,Hängt Rechts,drops_right.ogg
numeric,365,fork_left,PACENOTE,ROAD,RBR,Extended.ini,1,Abzweig Links,fork_left.ogg
numeric,366,fork_right,PACENOTE,ROAD,RBR,Extended.ini,1,Abzweig Rechts,fork_right.ogg
numeric,370,fence,PACENOTE,CONSTRUCTION,RBR,Extended.ini,1,Zaun,fence.ogg
numeric,371,wall,PACENOTE,CONSTRUCTION,RBR,Extended.ini,1,Mauer,wall.ogg
numeric,372,house,PACENOTE,CONSTRUCTION,RBR,Extended.ini,1,Haus,house.ogg
numeric,373,tree,PACENOTE,OBSTACLES,RBR,Extended.ini,1,Baum,tree.ogg
numeric,374,stump,PACENOTE,OBSTACLES,RBR,Extended.ini,1,Stumpf,stump.ogg
numeric,375,mast,PACENOTE,CONSTRUCTION,RBR,Extended.ini,1,Mast,mast.ogg
numeric,376,post,PACENOTE,CONSTRUCTION,RBR,Extended.ini,1,Pfosten,post.ogg
numeric,377,island,PACENOTE,CONSTRUCTION,RBR,Extended.ini,1,Kreisel,island.ogg
numeric,378,chicane,PACENOTE,CONSTRUCTION,RBR,Extended.ini,1,Schikane,chicane.ogg
numeric,379,stone,PACENOTE,OBSTACLES,RBR,Extended.ini,1,Stein,stone.ogg
numeric,380,rock,PACENOTE,OBSTACLES,RBR,Extended.ini,1,Fels,rock.ogg
numeric,381,tunnel,PACENOTE,OBSTACLES,RBR,Extended.ini,1,Tunnel,tunnel.ogg
numeric,382,road,PACENOTE,CONSTRUCTION,RBR,Extended.ini,1,Straße,road.ogg
numeric,383,walk,PACENOTE,CONSTRUCTION,RBR,Extended.ini,1,Weg,walk.ogg
numeric,384,rails,PACENOTE,OBSTACLES,RBR,Extended.ini,1,Gleis,rails.ogg
numeric,385,sign,PACENOTE,OBSTACLES,RBR,Extended.ini,1,Schild,sign.ogg
numeric,386,bush,PACENOTE,OBSTACLES,RBR,Extended.ini,1,Busch,bush.ogg
numeric,387,path,PACENOTE,CONSTRUCTION,RBR,Extended.ini,1,Weg,path.ogg
numeric,388,water,PACENOTE,OBSTACLES,RBR,Extended.ini,1,Wasser,water.ogg
numeric,389,puddle,PACENOTE,OBSTACLES,RBR,Extended.ini,1,Pfütze,puddle.ogg
numeric,392,left_entry_chicane,PACENOTE,LINE,RBR,Extended.ini,1,Schikane Eingang Links,left_entry_chicane.ogg
numeric,393,right_entry_chicane,PACENOTE,LINE,RBR,Extended.ini,1,Schikane Eingang Rechts,right_entry_chicane.ogg
numeric,399,roundabout,PACENOTE,CONSTRUCTION,RBR,Extended.ini,1,Kreisverkehr,roundabout.ogg
numeric,400,through,PACENOTE,PREPOSITIONS,RBR,Extended.ini,1,Durch,through.ogg
numeric,401,after,PACENOTE,PREPOSITIONS,RBR,Extended.ini,1,Nach,after.ogg
numeric,402,near,PACENOTE,PREPOSITIONS,RBR,Extended.ini,1,Nahe,near.ogg
numeric,403,on,PACENOTE,PREPOSITIONS,RBR,Extended.ini,1,Auf,on.ogg
numeric,404,until,PACENOTE,PREPOSITIONS,RBR,Extended.ini,1,Bis,until.ogg
numeric,405,at,PACENOTE,PREPOSITIONS,RBR,Extended.ini,1,Bei,at.ogg
numeric,406,before,PACENOTE,PREPOSITIONS,RBR,Extended.ini,1,Vor,before.ogg
numeric,407,over,PACENOTE,PREPOSITIONS,RBR,Extended.ini,1,Über,over.ogg
numeric,408,in,PACENOTE,PREPOSITIONS,RBR,Extended.ini,1,In,in.ogg
numeric,409,behind,PACENOTE,PREPOSITIONS,RBR,Extended.ini,1,Hinter,behind.ogg
numeric,410,for,PACENOTE,PREPOSITIONS,RBR,Extended.ini,1,Für,for.ogg
numeric,411,inside,PACENOTE,PREPOSITIONS,RBR,Extended.ini,1,Innen,inside.ogg
numeric,412,outside,PACENOTE,ADDITIONAL,RBR,Extended.ini,1,Aussen,outside.ogg
numeric,412,outside,PACENOTE,PREPOSITIONS,RBR,Extended.ini,1,Außen,outside.ogg
numeric,430,done,PACENOTE,LINKS,RBR,Extended.ini,1,Ende,done.ogg
numeric,431,stop,PACENOTE,LINKS,RBR,Extended.ini,1,Stop,stop.ogg
numeric,432,line,PACENOTE,LINE,RBR,Extended.ini,1,Linie,line.ogg
numeric,443,wooden_fence,PACENOTE,CONSTRUCTION,RBR,Extended.ini,1,Holzzaun,wooden_fence.ogg
numeric,540,onto_gravel,PACENOTE,SURFACE,RBR,Extended.ini,1,Auf Schotter,onto_gravel.ogg
numeric,541,onto_tarmac,PACENOTE,SURFACE,RBR,Extended.ini,1,Auf Asphalt,onto_tarmac.ogg
numeric,542,onto_concrete,PACENOTE,SURFACE,RBR,Extended.ini,1,Auf Beton,onto_concrete.ogg
numeric,544,onto_grit,PACENOTE,SURFACE,RBR,Extended.ini,1,Auf Kies,onto_grit.ogg
numeric,545,onto_snow,PACENOTE,SURFACE,RBR,Extended.ini,1,Auf Schnee,onto_snow.ogg
numeric,546,wet,PACENOTE,CONDITION,RBR,Extended.ini,1,Nass,wet.ogg
numeric,547,dry,PACENOTE,CONDITION,RBR,Extended.ini,1,Trocken,dry.ogg
numeric,548,damp,PACENOTE,CONDITION,RBR,Extended.ini,1,Feucht,damp.ogg
numeric,549,hold,PACENOTE,LINE,RBR,Extended.ini,1,Halten,hold.ogg
numeric,550,take_speed,PACENOTE,DRIVING,RBR,Extended.ini,1,Speed Mit,take_speed.ogg
numeric,551,l_foot_braking,PACENOTE,ADDITIONAL,RBR,Extended.ini,1,LinksFussBremsen,l_foot_braking.ogg
numeric,552,grip_off,PACENOTE,CONDITION,RBR,Extended.ini,1,Reißt Ab,grip_off.ogg
numeric,553,grip,PACENOTE,CONDITION,RBR,Extended.ini,1,Grip,grip.ogg
numeric,554,good_grip,PACENOTE,CONDITION,RBR,Extended.ini,1,Viel Grip,good_grip.ogg
numeric,555,to_sight_distance,PACENOTE,LINE,RBR,Extended.ini,1,Bis Sicht,to_sight_distance.ogg
numeric,556,split_time,PACENOTE,LINKS,RBR,Extended.ini,1,Zeit,split_time.ogg
numeric,557,entry,PACENOTE,LINE,RBR,Extended.ini,1,Eingang,entry.ogg
numeric,2001,tightens6,PACENOTE,ADJECTIVES,RBR,Extended.ini,1,Macht zu 6*,tightens6.ogg
numeric,2002,tightens5,PACENOTE,ADJECTIVES,RBR,Extended.ini,1,Macht zu 5*,tightens5.ogg
numeric,2003,tightens4,PACENOTE,ADJECTIVES,RBR,Extended.ini,1,Macht zu 4*,tightens4.ogg
numeric,2004,tightens3,PACENOTE,ADJECTIVES,RBR,Extended.ini,1,Macht zu 3*,tightens3.ogg
numeric,2005,tightens2,PACENOTE,ADJECTIVES,RBR,Extended.ini,1,Macht zu 2*,tightens2.ogg
numeric,2006,tightens1,PACENOTE,ADJECTIVES,RBR,Extended.ini,1,Macht zu 1*,tightens1.ogg
numeric,2008,tosix,PACENOTE,ADJECTIVES,RBR,Extended.ini,1,6*,6.ogg
numeric,2009,tofive,PACENOTE,ADJECTIVES,RBR,Extended.ini,1,5*,5.ogg
numeric,2010,tofour,PACENOTE,ADJECTIVES,RBR,Extended.ini,1,4*,4.ogg
numeric,2011,tothree,PACENOTE,ADJECTIVES,RBR,Extended.ini,1,3*,3.ogg
numeric,2012,totwo,PACENOTE,ADJECTIVES,RBR,Extended.ini,1,2*,two_de.ogg
numeric,2013,toone,PACENOTE,ADJECTIVES,RBR,Extended.ini,1,1*,1.ogg
numeric,2015,tightenslate,PACENOTE,ADJECTIVES,RBR,Extended.ini,1,Macht Spät Zu,tightenslate.ogg
numeric,2018,openstightens,PACENOTE,ADJECTIVES,RBR,Extended.ini,1,Macht Auf und Zu,openstightens.ogg
numeric,2019,tightensopens,PACENOTE,ADJECTIVES,RBR,Extended.ini,1,Macht Zu und Auf,tightensopens.ogg
numeric,2021,care_in,PACENOTE,CAUTIONS,RBR,Extended.ini,1,Vorsicht Innen*,carein.ogg
numeric,2022,care_out,PACENOTE,CAUTIONS,RBR,Extended.ini,1,Vorsicht Außen*,careout.ogg
numeric,2029,continuesovercrest,PACENOTE,OBSTACLES,RBR,Extended.ini,1,Halten über Kuppe,continuesovercrest.ogg
numeric,2106,jumpfull,PACENOTE,OBSTACLES,RBR,Extended.ini,1,Sprung Voll,jumpfull.ogg
numeric,2108,overjump,PACENOTE,OBSTACLES,RBR,Extended.ini,1,Über Sprung,overjump.ogg
numeric,2109,smallcrest,PACENOTE,OBSTACLES,RBR,Extended.ini,1,Kuppe Klein,smallcrest.ogg
numeric,3001,90_links,PACENOTE,CORNERS,RBR,Numeric.ini,1,90 Links*,90_left.ogg
numeric,3010,90_rechts,PACENOTE,CORNERS,RBR,Numeric.ini,1,90 Rechts*,90_right.ogg
