style,id,name,type,category,package,ini,sound_count,translation,sound,error
descriptive,-1,100,RANGE,EXTENDED,EXTENDED,Extended.ini,1,100,100.ogg,
descriptive,-1,1000,RANGE,EXTENDED,EXTENDED,Extended.ini,1,1000,1000.ogg,
descriptive,-1,120,RANGE,EXTENDED,EXTENDED,Extended.ini,1,120,120.ogg,
descriptive,-1,140,RANGE,EXTENDED,EXTENDED,Extended.ini,1,140,140.ogg,
descriptive,-1,150,RANGE,EXTENDED,EXTENDED,Extended.ini,1,150,150.ogg,
descriptive,-1,160,RANGE,EXTENDED,EXTENDED,Extended.ini,1,160,160.ogg,
descriptive,-1,180,RANGE,EXTENDED,EXTENDED,Extended.ini,1,180,180.ogg,
descriptive,-1,200,RANGE,EXTENDED,EXTENDED,Extended.ini,1,200,200.ogg,
descriptive,-1,250,RANGE,EXTENDED,EXTENDED,Extended.ini,1,250,250.ogg,
descriptive,-1,30,RANGE,EXTENDED,EXTENDED,Extended.ini,1,30,30.ogg,
descriptive,-1,300,RANGE,EXTENDED,EXTENDED,Extended.ini,1,300,300.ogg,
descriptive,-1,350,RANGE,EXTENDED,EXTENDED,Extended.ini,1,350,350.ogg,
descriptive,-1,40,RANGE,EXTENDED,EXTENDED,Extended.ini,1,40,40.ogg,
descriptive,-1,400,RANGE,EXTENDED,EXTENDED,Extended.ini,1,400,400.ogg,
descriptive,-1,450,RANGE,EXTENDED,EXTENDED,Extended.ini,1,450,450.ogg,
descriptive,-1,50,RANGE,EXTENDED,EXTENDED,Extended.ini,1,50,50.ogg,
descriptive,-1,500,RANGE,EXTENDED,EXTENDED,Extended.ini,1,500,500.ogg,
descriptive,-1,60,RANGE,EXTENDED,EXTENDED,Extended.ini,1,60,60.ogg,
descriptive,-1,600,RANGE,EXTENDED,EXTENDED,Extended.ini,1,600,600.ogg,
descriptive,-1,70,RANGE,EXTENDED,EXTENDED,Extended.ini,1,70,70.ogg,
descriptive,-1,700,RANGE,EXTENDED,EXTENDED,Extended.ini,1,700,700.ogg,
descriptive,-1,80,RANGE,EXTENDED,EXTENDED,Extended.ini,1,80,80.ogg,
descriptive,-1,800,RANGE,EXTENDED,EXTENDED,Extended.ini,1,800,800.ogg,
descriptive,-1,900,RANGE,EXTENDED,EXTENDED,Extended.ini,1,900,900.ogg,
descriptive,-1,and,PACENOTE,modifier,Mix,Extended.ini,1,Und,and.ogg,
descriptive,-1,cut,PACENOTE,FAHREN,Mix,Fahren.ini,1,Schneiden,cut.ogg,
descriptive,-1,dontcut,PACENOTE,FAHREN,Mix,Fahren.ini,1,Nicht Schneiden,dontcut.ogg,
descriptive,-1,into,PACENOTE,modifier,Mix,Extended.ini,1,In(to),into.ogg,
descriptive,-1,long,PACENOTE,Uebrig1,Mix,Uebrig1.ini,1,Lang,long.ogg,
descriptive,-1,maybe,PACENOTE,Uebrig1,Mix,Uebrig1.ini,1,Vielleicht,maybe.ogg,
descriptive,-1,narrows,PACENOTE,STRASSENVERLAUF,Mix,Strassenverlauf.ini,1,Enger,narrows.ogg,
descriptive,-1,onto,PACENOTE,modifier,Mix,Extended.ini,1,Auf,onto.ogg,
descriptive,-1,tightens,PACENOTE,KURVENVERLAUF,Mix,Kurvenverlauf.ini,1,Verengung,tightens.ogg,
descriptive,-1,tightensbad,PACENOTE,KURVENVERLAUF,Mix,Kurvenverlauf.ini,2,Verengt Stark,tightensbad.ogg,
descriptive,-1,wideout,PACENOTE,STRASSENVERLAUF,Mix,Strassenverlauf.ini,1,Breiter,wideout.ogg,
descriptive,0,hairpin_left,PACENOTE,Kurven,Mix,Smo-Mix.ini,1,Kehre Links,hairpin_left.ogg,
descriptive,1,square_left,PACENOTE,Kurven,Mix,Smo-Mix.ini,1,90 Links,square_left.ogg,
descriptive,2,three_left,PACENOTE,Kurven,Mix,Smo-Mix.ini,1,3 Links,three_left.ogg,
descriptive,3,four_left,PACENOTE,Kurven,Mix,Smo-Mix.ini,1,4 Links,four_left.ogg,
descriptive,4,five_left,PACENOTE,Kurven,Mix,Smo-Mix.ini,1,5 Links,five_left.ogg,
descriptive,5,easy_left,PACENOTE,Kurven,Mix,Smo-Mix.ini,1,Leicht Links,easy_left.ogg,
descriptive,6,easy_right,PACENOTE,Kurven,Mix,Smo-Mix.ini,1,Leicht Rechts,easy_right.ogg,
descriptive,7,five_right,PACENOTE,Kurven,Mix,Smo-Mix.ini,1,5 Rechts,five_right.ogg,
descriptive,8,four_right,PACENOTE,Kurven,Mix,Smo-Mix.ini,1,4 Rechts,four_right.ogg,
descriptive,9,three_right,PACENOTE,Kurven,Mix,Smo-Mix.ini,1,3 Rechts,three_right.ogg,
descriptive,10,square_right,PACENOTE,Kurven,Mix,Smo-Mix.ini,1,90 Rechts,square_right.ogg,
descriptive,11,hairpin_right,PACENOTE,Kurven,Mix,Smo-Mix.ini,1,Kehre Rechts,hairpin_right.ogg,
descriptive,12,twisty,PACENOTE,STRASSENVERLAUF,Mix,Strassenverlauf.ini,1,Kurvig,twisty.ogg,
descriptive,14,narrows,PACENOTE,Uebrig1,Mix,Uebrig1.ini,1,Enger,narrows.ogg,
descriptive,15,wideout,PACENOTE,Uebrig1,Mix,Uebrig1.ini,1,Breiter,wideout.ogg,
descriptive,16,overcrest,PACENOTE,STRASSENVERLAUF,Mix,Strassenverlauf.ini,1,Über Kuppe,overcrest.ogg,
descriptive,17,ford,PACENOTE,HINDERNISSE,Mix,Hindernisse.ini,1,Furt,ford.ogg,
descriptive,18,care,PACENOTE,WARNUNGEN,Mix,Warnungen.ini,1,Vorsicht,care.ogg,
descriptive,19,bump,PACENOTE,HINDERNISSE,Mix,Hindernisse.ini,1,Schlag,bump.ogg,
descriptive,20,jump,PACENOTE,HINDERNISSE,Mix,Hindernisse.ini,2,Sprung,jump.ogg,
descriptive,22,finish,PACENOTE,modifier,Mix,Extended.ini,1,Ziel,finish.ogg,
descriptive,25,flat_right,PACENOTE,Kurven,Mix,Smo-Mix.ini,1,Voll Rechts,flat_right.ogg,
descriptive,26,flat_left,PACENOTE,Kurven,Mix,Smo-Mix.ini,1,Voll Links,flat_left.ogg,
descriptive,27,bridge,PACENOTE,BEBAUUNG,Mix,Bebauung.ini,1,Brücke,bridge.ogg,
descriptive,28,gostraight,PACENOTE,FAHREN,Mix,Fahren.ini,1,Geradeaus,gostraight.ogg,
descriptive,29,keepright,PACENOTE,FAHREN,Mix,Fahren.ini,1,Rechts halten,keepright.ogg,
descriptive,30,keepleft,PACENOTE,FAHREN,Mix,Fahren.ini,1,Links halten,keepleft.ogg,
descriptive,31,keepmiddle,PACENOTE,FAHREN,Mix,Fahren.ini,2,Mittig halten,keepmiddle.ogg,
descriptive,32,caution,PACENOTE,WARNUNGEN,Mix,Warnungen.ini,1,Achtung,caution.ogg,
descriptive,102,sharp_left,PACENOTE,Kurven,Mix,Smo-Mix.ini,1,Scharf Links,sharp_left.ogg,
descriptive,112,sharp_right,PACENOTE,Kurven,Mix,Smo-Mix.ini,1,Scharf Rechts,sharp_right.ogg,
descriptive,120,left,PACENOTE,Kurven,Mix,Smo-Mix.ini,1,Links,left.ogg,
descriptive,121,right,PACENOTE,Kurven,Mix,Smo-Mix.ini,1,Rechts,right.ogg,
descriptive,122,right_into,PACENOTE,Kurven,Mix,Smo-Mix.ini,1,Rechts in,right_into.ogg,
descriptive,123,left_into,PACENOTE,Kurven,Mix,Smo-Mix.ini,1,Links in,left_into.ogg,
descriptive,124,right_left,PACENOTE,Kurven,Mix,Smo-Mix.ini,1,Rechts-Links,right_left.ogg,
descriptive,125,left_right,PACENOTE,Kurven,Mix,Smo-Mix.ini,1,Links-Rechts,left_right.ogg,
descriptive,126,right_around,PACENOTE,Kurven,Mix,Smo-Mix.ini,1,Rechts Herum,right_around.ogg,
descriptive,127,left_around,PACENOTE,Kurven,Mix,Smo-Mix.ini,1,Links herum,left_around.ogg,
descriptive,200,over_bridge,PACENOTE,STRASSENVERLAUF,Mix,Strassenverlauf.ini,1,Über Brücke,over_bridge.ogg,
descriptive,201,over_rails,PACENOTE,STRASSENVERLAUF,Mix,Strassenverlauf.ini,1,Über Schienen,over_rails.ogg,
descriptive,202,over_railway,PACENOTE,STRASSENVERLAUF,Mix,Strassenverlauf.ini,1,Über Eisenbahn,over_railway.ogg,
descriptive,211,deepcut,PACENOTE,FAHREN,Mix,Fahren.ini,1,Stark schneiden,deepcut.ogg,
descriptive,212,fullcut,PACENOTE,FAHREN,Mix,Fahren.ini,1,Stark schneiden,fullcut.ogg,
descriptive,213,keep_centre,PACENOTE,FAHREN,Mix,Fahren.ini,1,Mittig halten,keep_centre.ogg,
descriptive,214,full,PACENOTE,Uebrig1,Mix,Uebrig1.ini,1,Voll,full.ogg,
descriptive,215,go_full,PACENOTE,FAHREN,Mix,Fahren.ini,1,Tritt drauf,go_full.ogg,
descriptive,216,flatout,PACENOTE,FAHREN,Mix,Fahren.ini,1,Vollgas,flatout.ogg,
descriptive,217,brake,PACENOTE,FAHREN,Mix,Fahren.ini,2,Bremsen,brake.ogg,
descriptive,218,light_cut,PACENOTE,FAHREN,Mix,Fahren.ini,1,Leicht schneiden,light_cut.ogg,
descriptive,219,handbrake,PACENOTE,FAHREN,Mix,Fahren.ini,1,Handbremse,handbrake.ogg,
descriptive,220,keep_in,PACENOTE,FAHREN,Mix,Fahren.ini,1,Innen halten,keep_in.ogg,
descriptive,221,keep_out,PACENOTE,FAHREN,Mix,Fahren.ini,1,Aussen halten,keep_out.ogg,
descriptive,223,clip,PACENOTE,FAHREN,Mix,Fahren.ini,1,Einhängen,clip.ogg,
descriptive,230,minus,PACENOTE,Kurven,Mix,Smo-Mix.ini,1,Minus,minus.ogg,
descriptive,231,minusminus,PACENOTE,Kurven,Mix,Smo-Mix.ini,1,MinusMinus,minusminus.ogg,
descriptive,232,plus,PACENOTE,Kurven,Mix,Smo-Mix.ini,1,Plus,plus.ogg,
descriptive,233,plusplus,PACENOTE,Kurven,Mix,Smo-Mix.ini,1,PlusPlus,plusplus.ogg,
descriptive,234,early,PACENOTE,Uebrig1,Mix,Uebrig1.ini,1,Früh,early.ogg,
descriptive,235,late,PACENOTE,Uebrig1,Mix,Uebrig1.ini,1,Spät,late.ogg,
descriptive,236,easy,PACENOTE,Uebrig1,Mix,Uebrig1.ini,1,Wenig,easy.ogg,
descriptive,237,much,PACENOTE,Uebrig1,Mix,Uebrig1.ini,1,Viel,much.ogg,
descriptive,238,many,PACENOTE,Uebrig1,Mix,Uebrig1.ini,1,Viele,many.ogg,
descriptive,239,very,PACENOTE,Uebrig1,Mix,Uebrig1.ini,1,Sehr,very.ogg,
descriptive,240,hard,PACENOTE,Uebrig1,Mix,Uebrig1.ini,1,Stark,hard.ogg,
descriptive,241,fast,PACENOTE,Uebrig1,Mix,Uebrig1.ini,1,Schnell,fast.ogg,
descriptive,242,slow,PACENOTE,Uebrig1,Mix,Uebrig1.ini,1,Langsam,slow.ogg,
descriptive,243,exact,PACENOTE,Uebrig1,Mix,Uebrig1.ini,1,Genau,exact.ogg,
descriptive,244,slowing,PACENOTE,FAHREN,Mix,Fahren.ini,1,Langsamer,slowing.ogg,
descriptive,245,directly,PACENOTE,Uebrig1,Mix,Uebrig1.ini,1,Sofort,directly.ogg,
descriptive,246,light,PACENOTE,Uebrig1,Mix,Uebrig1.ini,1,Leicht,light.ogg,
descriptive,247,big,PACENOTE,Uebrig1,Mix,Uebrig1.ini,1,Groß,big.ogg,
descriptive,248,small,PACENOTE,Uebrig1,Mix,Uebrig1.ini,1,Klein,small.ogg,
descriptive,249,sharp,PACENOTE,Uebrig1,Mix,Uebrig1.ini,1,Scharf,sharp.ogg,
descriptive,250,round,PACENOTE,Uebrig1,Mix,Uebrig1.ini,1,Rund,round.ogg,
descriptive,251,tight,PACENOTE,Uebrig1,Mix,Uebrig1.ini,1,Eng,tight.ogg,
descriptive,252,slight,PACENOTE,Uebrig1,Mix,Uebrig1.ini,1,Etwas,slight.ogg,
descriptive,253,good,PACENOTE,Uebrig1,Mix,Uebrig1.ini,1,Gut,good.ogg,
descriptive,254,bad,PACENOTE,Uebrig1,Mix,Uebrig1.ini,1,Schlecht,bad.ogg,
descriptive,255,narrow,PACENOTE,STRASSENVERLAUF,Mix,Strassenverlauf.ini,1,Eng,narrow.ogg,
descriptive,256,wide,PACENOTE,STRASSENVERLAUF,Mix,Strassenverlauf.ini,1,Breit,wide.ogg,
descriptive,257,straight,PACENOTE,Uebrig1,Mix,Uebrig1.ini,1,Gerade,straight.ogg,
descriptive,260,uphill,PACENOTE,STRASSENVERLAUF,Mix,Strassenverlauf.ini,1,Bergauf,uphill.ogg,
descriptive,261,downhill,PACENOTE,STRASSENVERLAUF,Mix,Strassenverlauf.ini,1,Bergab,downhill.ogg,
descriptive,263,longlong,PACENOTE,Uebrig1,Mix,Uebrig1.ini,1,Sehr Lang,longlong.ogg,
descriptive,264,short,PACENOTE,Uebrig1,Mix,Uebrig1.ini,1,Kurz,short.ogg,
descriptive,265,shortshort,PACENOTE,Uebrig1,Mix,Uebrig1.ini,1,Sehr Kurz,shortshort.ogg,
descriptive,266,gonarrow,PACENOTE,FAHREN,Mix,Fahren.ini,1,Eng fahren,go_narrow.ogg,
descriptive,267,gowide,PACENOTE,FAHREN,Mix,Fahren.ini,1,Weit Fahren,go_wide.ogg,
descriptive,268,slippery,PACENOTE,Bedingungen,Mix,Bedingungen.ini,1,Schmiert,slippery.ogg,
descriptive,269,slide,PACENOTE,FAHREN,Mix,Fahren.ini,1,Driften,slide.ogg,
descriptive,270,understeer,PACENOTE,Uebrig1,Mix,Uebrig1.ini,1,Untersteuert,understeer.ogg,
descriptive,271,sideways,PACENOTE,FAHREN,Mix,Fahren.ini,1,Versetzt fahren,sideways.ogg,
descriptive,272,hook,PACENOTE,FAHREN,Mix,Fahren.ini,1,Einhängen,hook.ogg,
descriptive,273,draws_in,PACENOTE,Uebrig1,Mix,Uebrig1.ini,1,Dreht Ein,draws_in.ogg,
descriptive,274,very_long,PACENOTE,Uebrig1,Mix,Uebrig1.ini,1,Sehr Lang,very_long.ogg,
descriptive,275,very_short,PACENOTE,Uebrig1,Mix,Uebrig1.ini,1,Sehr Kurz,very_short.ogg,
descriptive,277,slippy,PACENOTE,Bedingungen,Mix,Bedingungen.ini,1,Rutschig,slippy.ogg,
descriptive,290,muddy,PACENOTE,Bedingungen,Mix,Bedingungen.ini,1,schlammig,muddy.ogg,
descriptive,291,dirty,PACENOTE,Bedingungen,Mix,Bedingungen.ini,1,Schmutzig,dirty.ogg,
descriptive,292,bumpy,PACENOTE,BESCHAFFENHEIT,Mix,Beschaffenheit.ini,1,Bucklig,bumpy.ogg,
descriptive,293,cramped,PACENOTE,STRASSENVERLAUF,Mix,Strassenverlauf.ini,1,Verengt,cramped.ogg,
descriptive,294,positive,PACENOTE,Uebrig1,Mix,Uebrig1.ini,1,Positiv,positive.ogg,
descriptive,295,negative,PACENOTE,Uebrig1,Mix,Uebrig1.ini,1,Negativ,negative.ogg,
descriptive,296,dirt,PACENOTE,BESCHAFFENHEIT,Mix,Beschaffenheit.ini,1,Schmutz,dirt.ogg,
descriptive,298,opens,PACENOTE,KURVENVERLAUF,Mix,Kurvenverlauf.ini,1,Macht Auf,opens.ogg,
descriptive,299,fakes,PACENOTE,WARNUNGEN,Mix,Warnungen.ini,1,Täuscht,fakes.ogg,
descriptive,300,bumps,PACENOTE,BESCHAFFENHEIT,Mix,Beschaffenheit.ini,2,Schläge,bumps.ogg,
descriptive,301,hidden,PACENOTE,WARNUNGEN,Mix,Warnungen.ini,1,Verborgen,hidden.ogg,
descriptive,302,blind,PACENOTE,WARNUNGEN,Mix,Warnungen.ini,1,Blind,blind.ogg,
descriptive,303,double_caution,PACENOTE,WARNUNGEN,Mix,Warnungen.ini,1,Gut Aufpassen,double_caution.ogg,
descriptive,304,triple_caution,PACENOTE,WARNUNGEN,Mix,Warnungen.ini,1,Gefahr,triple_caution.ogg,
descriptive,320,gravel,PACENOTE,BESCHAFFENHEIT,Mix,Beschaffenheit.ini,1,Schotter,gravel.ogg,
descriptive,321,tarmac,PACENOTE,BESCHAFFENHEIT,Mix,Beschaffenheit.ini,1,Asphalt,tarmac.ogg,
descriptive,322,concrete,PACENOTE,BESCHAFFENHEIT,Mix,Beschaffenheit.ini,1,Beton,concrete.ogg,
descriptive,323,cobbles,PACENOTE,BESCHAFFENHEIT,Mix,Beschaffenheit.ini,1,Pflaster,cobbles.ogg,
descriptive,324,grit,PACENOTE,BESCHAFFENHEIT,Mix,Beschaffenheit.ini,1,Kies,grit.ogg,
descriptive,325,snow,PACENOTE,BESCHAFFENHEIT,Mix,Beschaffenheit.ini,1,Schnee,snow.ogg,
descriptive,326,onsplit,PACENOTE,BESCHAFFENHEIT,Mix,Beschaffenheit.ini,1,Splitt,onsplit.ogg,
descriptive,327,icy,PACENOTE,BESCHAFFENHEIT,Mix,Beschaffenheit.ini,1,Eisig,icy.ogg,
descriptive,328,rubble,PACENOTE,BESCHAFFENHEIT,Mix,Beschaffenheit.ini,1,Geröll,rubble.ogg,
descriptive,329,ice,PACENOTE,BESCHAFFENHEIT,Mix,Beschaffenheit.ini,1,Eis,ice.ogg,
descriptive,330,loose_gravel,PACENOTE,BESCHAFFENHEIT,Mix,Beschaffenheit.ini,1,Loser Schotter,loose_gravel.ogg,
descriptive,340,crest,PACENOTE,HINDERNISSE,Mix,Hindernisse.ini,1,Kuppe,crest.ogg,
descriptive,341,hollow,PACENOTE,STRASSENVERLAUF,Mix,Strassenverlauf.ini,1,Mulde,hollow.ogg,
descriptive,342,camber,PACENOTE,STRASSENVERLAUF,Mix,Strassenverlauf.ini,1,Hängt innen,camber.ogg,
descriptive,343,reverse_camber,PACENOTE,STRASSENVERLAUF,Mix,Strassenverlauf.ini,1,Wanne,bad_camber.ogg,
descriptive,344,hole,PACENOTE,BESCHAFFENHEIT,Mix,Beschaffenheit.ini,2,Loch,hole.ogg,
descriptive,345,ruts,PACENOTE,BESCHAFFENHEIT,Mix,Beschaffenheit.ini,1,Rillen,ruts.ogg,
descriptive,346,deepruts,PACENOTE,BESCHAFFENHEIT,Mix,Beschaffenheit.ini,1,Arge Rillen,deepruts.ogg,
descriptive,347,border,PACENOTE,HINDERNISSE,Mix,Hindernisse.ini,1,Rand,border.ogg,
descriptive,348,edge,PACENOTE,HINDERNISSE,Mix,Hindernisse.ini,1,Kante,edge.ogg,
descriptive,349,curb,PACENOTE,HINDERNISSE,Mix,Hindernisse.ini,1,Randstein,curb.ogg,
descriptive,350,ditch,PACENOTE,HINDERNISSE,Mix,Hindernisse.ini,1,Graben,ditch.ogg,
descriptive,351,junction,PACENOTE,STRASSENVERLAUF,Mix,Strassenverlauf.ini,2,Kreuzung,junction.ogg,
descriptive,352,curve,PACENOTE,STRASSENVERLAUF,Mix,Strassenverlauf.ini,1,Kurve,curve.ogg,
descriptive,353,turn,PACENOTE,FAHREN,Mix,Fahren.ini,1,Abbiegen,turn.ogg,
descriptive,354,steep_drop,PACENOTE,STRASSENVERLAUF,Mix,Strassenverlauf.ini,1,Steil runter,steep_drop.ogg,
descriptive,355,bad_camber,PACENOTE,STRASSENVERLAUF,Mix,Strassenverlauf.ini,1,Fällt aussen,bad_camber.ogg,
descriptive,356,shoulder,PACENOTE,HINDERNISSE,Mix,Hindernisse.ini,1,Bankett,shoulder.ogg,
descriptive,357,steep_hill,PACENOTE,STRASSENVERLAUF,Mix,Strassenverlauf.ini,1,Starkes Gefälle,steep_hill.ogg,
descriptive,358,steep_incline,PACENOTE,STRASSENVERLAUF,Mix,Strassenverlauf.ini,1,Starke Steigung,steep_incline.ogg,
descriptive,359,steep_slope,PACENOTE,STRASSENVERLAUF,Mix,Strassenverlauf.ini,1,Starkes Gefälle,steep_slope.ogg,
descriptive,361,dip,PACENOTE,HINDERNISSE,Mix,Hindernisse.ini,1,Senke,dip.ogg,
descriptive,362,drops,PACENOTE,STRASSENVERLAUF,Mix,Strassenverlauf.ini,1,Fällt,drops.ogg,
descriptive,363,drops_left,PACENOTE,STRASSENVERLAUF,Mix,Strassenverlauf.ini,1,Fällt Links,drops_left.ogg,
descriptive,364,drops_right,PACENOTE,STRASSENVERLAUF,Mix,Strassenverlauf.ini,1,Fällt Rechts,drops_right.ogg,
descriptive,365,fork_left,PACENOTE,STRASSENVERLAUF,Mix,Strassenverlauf.ini,1,Gabelung Links,fork_left.ogg,
descriptive,366,fork_right,PACENOTE,STRASSENVERLAUF,Mix,Strassenverlauf.ini,1,Gabelung Rechts,fork_right.ogg,
descriptive,367,negative_camber,PACENOTE,STRASSENVERLAUF,Mix,Strassenverlauf.ini,1,Hängt Aussen,bad_camber.ogg,
descriptive,368,positive_camber,PACENOTE,STRASSENVERLAUF,Mix,Strassenverlauf.ini,1,Hängt Innen,camber.ogg,
descriptive,370,fence,PACENOTE,BEBAUUNG,Mix,Bebauung.ini,1,Zaun,fence.ogg,
descriptive,371,wall,PACENOTE,BEBAUUNG,Mix,Bebauung.ini,1,Mauer,wall.ogg,
descriptive,372,house,PACENOTE,BEBAUUNG,Mix,Bebauung.ini,1,Haus,house.ogg,
descriptive,373,tree,PACENOTE,HINDERNISSE,Mix,Hindernisse.ini,1,Baum,tree.ogg,
descriptive,374,stump,PACENOTE,HINDERNISSE,Mix,Hindernisse.ini,1,Stumpf,stump.ogg,
descriptive,375,mast,PACENOTE,BEBAUUNG,Mix,Bebauung.ini,1,Mast,mast.ogg,
descriptive,376,post,PACENOTE,BEBAUUNG,Mix,Bebauung.ini,1,Pfosten,post.ogg,
descriptive,377,island,PACENOTE,BEBAUUNG,Mix,Bebauung.ini,1,Insel,island.ogg,
descriptive,378,chicane,PACENOTE,BEBAUUNG,Mix,Bebauung.ini,1,Schikane,chicane.ogg,
descriptive,379,stone,PACENOTE,HINDERNISSE,Mix,Hindernisse.ini,1,Stein,stone.ogg,
descriptive,380,rock,PACENOTE,HINDERNISSE,Mix,Hindernisse.ini,1,Fels,rock.ogg,
descriptive,381,tunnel,PACENOTE,BEBAUUNG,Mix,Bebauung.ini,1,Tunnel,tunnel.ogg,
descriptive,382,road,PACENOTE,BEBAUUNG,Mix,Bebauung.ini,1,Straße,road.ogg,
descriptive,383,walk,PACENOTE,BEBAUUNG,Mix,Bebauung.ini,1,Weg,walk.ogg,
descriptive,384,rails,PACENOTE,HINDERNISSE,Mix,Hindernisse.ini,1,Gleise,rails.ogg,
descriptive,385,sign,PACENOTE,BEBAUUNG,Mix,Bebauung.ini,1,Schild,sign.ogg,
descriptive,386,bush,PACENOTE,HINDERNISSE,Mix,Hindernisse.ini,1,Busch,bush.ogg,
descriptive,387,path,PACENOTE,BEBAUUNG,Mix,Bebauung.ini,1,Pfad,path.ogg,
descriptive,388,water,PACENOTE,HINDERNISSE,Mix,Hindernisse.ini,1,Wasser,water.ogg,
descriptive,389,puddle,PACENOTE,BESCHAFFENHEIT,Mix,Beschaffenheit.ini,1,Pfütze,puddle.ogg,
descriptive,390,netting,PACENOTE,HINDERNISSE,Mix,Hindernisse.ini,1,Netz,netting.ogg,
descriptive,391,tape,PACENOTE,HINDERNISSE,Mix,Hindernisse.ini,1,Band,tape.ogg,
descriptive,392,left_entry_chicane,PACENOTE,HINDERNISSE,Mix,Hindernisse.ini,1,Schikane Eingang Links,left_entry_chicane.ogg,
descriptive,393,right_entry_chicane,PACENOTE,HINDERNISSE,Mix,Hindernisse.ini,1,Schikane Eingang Rechts,right_entry_chicane.ogg,
descriptive,394,tyres,PACENOTE,HINDERNISSE,Mix,Hindernisse.ini,1,Reifen,tyres.ogg,
descriptive,395,spectators,PACENOTE,HINDERNISSE,Mix,Hindernisse.ini,1,Zuschauer,spectators.ogg,
descriptive,396,marshalls,PACENOTE,HINDERNISSE,Mix,Hindernisse.ini,1,Marschalls,marshalls.ogg,
descriptive,397,barrels,PACENOTE,HINDERNISSE,Mix,Hindernisse.ini,1,Fässer,barrels.ogg,
descriptive,399,roundabout,PACENOTE,BEBAUUNG,Mix,Bebauung.ini,1,Kreisel,roundabout.ogg,
descriptive,400,through,PACENOTE,PREPOSITIONS,Mix,Smo-Extended.ini,1,Durch,through.ogg,
descriptive,401,after,PACENOTE,PREPOSITIONS,Mix,Smo-Extended.ini,1,Nach,after.ogg,
descriptive,402,near,PACENOTE,PREPOSITIONS,Mix,Smo-Extended.ini,1,Nah,near.ogg,
descriptive,403,on,PACENOTE,PREPOSITIONS,Mix,Smo-Extended.ini,1,Auf,on.ogg,
descriptive,404,until,PACENOTE,PREPOSITIONS,Mix,Smo-Extended.ini,1,Bis,until.ogg,
descriptive,405,at,PACENOTE,PREPOSITIONS,Mix,Smo-Extended.ini,1,Bei,at.ogg,
descriptive,406,before,PACENOTE,PREPOSITIONS,Mix,Smo-Extended.ini,1,Vor,before.ogg,
descriptive,407,over,PACENOTE,PREPOSITIONS,Mix,Smo-Extended.ini,1,Über,over.ogg,
descriptive,408,in,PACENOTE,PREPOSITIONS,Mix,Smo-Extended.ini,1,In,in.ogg,
descriptive,409,behind,PACENOTE,PREPOSITIONS,Mix,Smo-Extended.ini,1,Hinter,behind.ogg,
descriptive,410,for,PACENOTE,PREPOSITIONS,Mix,Smo-Extended.ini,1,Für,for.ogg,
descriptive,411,inside,PACENOTE,PREPOSITIONS,Mix,Smo-Extended.ini,1,Innen,inside.ogg,
descriptive,412,outside,PACENOTE,PREPOSITIONS,Mix,Smo-Extended.ini,1,Außen,outside.ogg,
descriptive,413,then,PACENOTE,PREPOSITIONS,Mix,Smo-Extended.ini,1,Dann,then.ogg,
descriptive,414,off,PACENOTE,PREPOSITIONS,Mix,Smo-Extended.ini,1,Von,off.ogg,
descriptive,430,done,PACENOTE,modifier,Mix,Extended.ini,1,Ende,done.ogg,
descriptive,431,stop,PACENOTE,modifier,Mix,Extended.ini,1,Stop,stop.ogg,
descriptive,432,line,PACENOTE,FAHREN,Mix,Fahren.ini,1,Linie,line.ogg,
descriptive,540,onto_gravel,PACENOTE,BESCHAFFENHEIT,Mix,Beschaffenheit.ini,1,Auf Schotter,onto_gravel.ogg,
descriptive,541,onto_tarmac,PACENOTE,BESCHAFFENHEIT,Mix,Beschaffenheit.ini,1,Auf Asphalt,onto_tarmac.ogg,
descriptive,542,onto_concrete,PACENOTE,BESCHAFFENHEIT,Mix,Beschaffenheit.ini,1,Auf Beton,onto_concrete.ogg,
descriptive,543,onto_cobbles,PACENOTE,BESCHAFFENHEIT,Mix,Beschaffenheit.ini,1,Auf Pflaster,onto_cobbles.ogg,
descriptive,544,onto_grit,PACENOTE,BESCHAFFENHEIT,Mix,Beschaffenheit.ini,1,Auf Kies,onto_grit.ogg,
descriptive,545,onto_snow,PACENOTE,BESCHAFFENHEIT,Mix,Beschaffenheit.ini,1,Auf Schnee,onto_snow.ogg,
descriptive,546,wet,PACENOTE,Bedingungen,Mix,Bedingungen.ini,1,Nass,wet.ogg,
descriptive,547,dry,PACENOTE,Bedingungen,Mix,Bedingungen.ini,1,Trocken,dry.ogg,
descriptive,548,damp,PACENOTE,Bedingungen,Mix,Bedingungen.ini,1,Feucht,damp.ogg,
descriptive,549,hold,PACENOTE,FAHREN,Mix,Fahren.ini,2,Halten,hold.ogg,
descriptive,550,take_speed,PACENOTE,FAHREN,Mix,Fahren.ini,1,Speed halten,take_speed.ogg,
descriptive,551,l_foot_braking,PACENOTE,FAHREN,Mix,Fahren.ini,1,Links bremsen,l_foot_braking.ogg,
descriptive,552,grip_off,PACENOTE,Bedingungen,Mix,Bedingungen.ini,1,Kein Grip,grip_off.ogg,
descriptive,553,grip,PACENOTE,Bedingungen,Mix,Bedingungen.ini,1,Grip,grip.ogg,
descriptive,554,good_grip,PACENOTE,Bedingungen,Mix,Bedingungen.ini,1,Viel Grip,good_grip.ogg,
descriptive,555,to_sight_distance,PACENOTE,FAHREN,Mix,Fahren.ini,1,Bis Sicht,to_sight_distance.ogg,
descriptive,556,split-time,PACENOTE,Abstimmung,Mix,Abstimmung.ini,1,Zwischenzeit,split_time.ogg,
descriptive,556,split_time,PACENOTE,modifier,Mix,Extended.ini,1,,split_time.ogg,
descriptive,557,entry,PACENOTE,Uebrig1,Mix,Uebrig1.ini,1,Eingang,entry.ogg,
descriptive,2001,tightenstosix,PACENOTE,KURVENVERLAUF,Mix,Kurvenverlauf.ini,1,Enger 6,tightens6.ogg,
descriptive,2002,tightenstofive,PACENOTE,KURVENVERLAUF,Mix,Kurvenverlauf.ini,1,Enger 5,tightens5.ogg,
descriptive,2003,tightenstofour,PACENOTE,KURVENVERLAUF,Mix,Kurvenverlauf.ini,1,Enger 4,tightens4.ogg,
descriptive,2004,tightenstothree,PACENOTE,KURVENVERLAUF,Mix,Kurvenverlauf.ini,1,Enger 3,tightens3.ogg,
descriptive,2005,tightenstotwo,PACENOTE,KURVENVERLAUF,Mix,Kurvenverlauf.ini,1,Enger 2,tightens2.ogg,
descriptive,2005,tightenstotwo,PACENOTE,Kurven,Mix,Smo-Mix.ini,1,Enger 2,tightens90.ogg,
descriptive,2006,tightenstoone,PACENOTE,KURVENVERLAUF,Mix,Kurvenverlauf.ini,1,Enger 1,tightens1.ogg,
descriptive,2006,tightenstoone,PACENOTE,Kurven,Mix,Smo-Mix.ini,1,Enger 1,tightens_acute.ogg,
descriptive,2007,tightenstoacute,PACENOTE,KURVENVERLAUF,Mix,Kurvenverlauf.ini,1,Enger Kehre,tightens_acute.ogg,
descriptive,2008,tosix,PACENOTE,KURVENVERLAUF,Mix,Kurvenverlauf.ini,1,In 6,to_6.ogg,
descriptive,2009,tofive,PACENOTE,KURVENVERLAUF,Mix,Kurvenverlauf.ini,1,In 5,to_5.ogg,
descriptive,2010,tofour,PACENOTE,KURVENVERLAUF,Mix,Kurvenverlauf.ini,1,In 4,to_4.ogg,
descriptive,2011,tothree,PACENOTE,KURVENVERLAUF,Mix,Kurvenverlauf.ini,1,In 3,to_90.ogg,
descriptive,2012,totwo,PACENOTE,KURVENVERLAUF,Mix,Kurvenverlauf.ini,1,In 2,to_2.ogg,
descriptive,2013,toone,PACENOTE,KURVENVERLAUF,Mix,Kurvenverlauf.ini,1,In 1,to_1.ogg,
descriptive,2014,toacute,PACENOTE,KURVENVERLAUF,Mix,Kurvenverlauf.ini,1,In Kehre,to_acute.ogg,
descriptive,2015,tightenslate,PACENOTE,KURVENVERLAUF,Mix,Kurvenverlauf.ini,1,Verengt spät,tightenslate.ogg,
descriptive,2016,dontcutearly,PACENOTE,FAHREN,Mix,Fahren.ini,1,Nicht Eingangs schneiden,dont_cut_early.ogg,
descriptive,2017,dontcutlate,PACENOTE,FAHREN,Mix,Fahren.ini,1,Nicht spät schneiden,dont_cut_late.ogg,
descriptive,2018,openstightens,PACENOTE,KURVENVERLAUF,Mix,Kurvenverlauf.ini,1,"Macht auf, dann zu",openstightens.ogg,
descriptive,2019,tightensopens,PACENOTE,KURVENVERLAUF,Mix,Kurvenverlauf.ini,1,"Macht zu, dann auf",tightensopens.ogg,
descriptive,2020,roiku,PACENOTE,FAHREN,Mix,Fahren.ini,1,Hängt,hangs.ogg,
descriptive,2021,carein,PACENOTE,WARNUNGEN,Mix,Warnungen.ini,1,Vorsicht innen,carein.ogg,
descriptive,2022,careout,PACENOTE,WARNUNGEN,Mix,Warnungen.ini,1,Vorsicht aussen,careout.ogg,
descriptive,2023,hae,PACENOTE,FAHREN,Mix,Fahren.ini,2,Linie,line.ogg,
descriptive,2024,todip,PACENOTE,STRASSENVERLAUF,Mix,Strassenverlauf.ini,1,Durch Senke,to_dip.ogg,
descriptive,2029,continuesovercrest,PACENOTE,KURVENVERLAUF,Mix,Kurvenverlauf.ini,1,geht über Kuppe,overcrest.ogg,
descriptive,2100,vasemmalta,PACENOTE,FAHREN,Mix,Fahren.ini,1,Links halten,keepleft.ogg,
descriptive,2101,oikeelta,PACENOTE,FAHREN,Mix,Fahren.ini,1,Rechts halten,keepright.ogg,
descriptive,2103,half_long,PACENOTE,Uebrig1,Mix,Uebrig1.ini,1,Halblang,half_long.ogg,
descriptive,2106,jump_flat,PACENOTE,FAHREN,Mix,Fahren.ini,2,Sprung voll,jumpfull.ogg,
descriptive,2107,jump_bind,PACENOTE,FAHREN,Mix,Fahren.ini,2,Sprung vermeiden,avoid_jump.ogg,
descriptive,2108,over_jump,PACENOTE,STRASSENVERLAUF,Mix,Strassenverlauf.ini,2,Über Sprung,over_jump.ogg,
descriptive,2109,small_crest,PACENOTE,HINDERNISSE,Mix,Hindernisse.ini,2,Kleine Kuppe,smallcrest.ogg,
numeric,-1,100,RANGE,EXTENDED,EXTENDED,Extended.ini,1,100,100.ogg,
numeric,-1,1000,RANGE,EXTENDED,EXTENDED,Extended.ini,1,1000,1000.ogg,
numeric,-1,120,RANGE,EXTENDED,EXTENDED,Extended.ini,1,120,120.ogg,
numeric,-1,140,RANGE,EXTENDED,EXTENDED,Extended.ini,1,140,140.ogg,
numeric,-1,150,RANGE,EXTENDED,EXTENDED,Extended.ini,1,150,150.ogg,
numeric,-1,160,RANGE,EXTENDED,EXTENDED,Extended.ini,1,160,160.ogg,
numeric,-1,180,RANGE,EXTENDED,EXTENDED,Extended.ini,1,180,180.ogg,
numeric,-1,200,RANGE,EXTENDED,EXTENDED,Extended.ini,1,200,200.ogg,
numeric,-1,250,RANGE,EXTENDED,EXTENDED,Extended.ini,1,250,250.ogg,
numeric,-1,30,RANGE,EXTENDED,EXTENDED,Extended.ini,1,30,30.ogg,
numeric,-1,300,RANGE,EXTENDED,EXTENDED,Extended.ini,1,300,300.ogg,
numeric,-1,350,RANGE,EXTENDED,EXTENDED,Extended.ini,1,350,350.ogg,
numeric,-1,40,RANGE,EXTENDED,EXTENDED,Extended.ini,1,40,40.ogg,
numeric,-1,400,RANGE,EXTENDED,EXTENDED,Extended.ini,1,400,400.ogg,
numeric,-1,450,RANGE,EXTENDED,EXTENDED,Extended.ini,1,450,450.ogg,
numeric,-1,50,RANGE,EXTENDED,EXTENDED,Extended.ini,1,50,50.ogg,
numeric,-1,500,RANGE,EXTENDED,EXTENDED,Extended.ini,1,500,500.ogg,
numeric,-1,60,RANGE,EXTENDED,EXTENDED,Extended.ini,1,60,60.ogg,
numeric,-1,600,RANGE,EXTENDED,EXTENDED,Extended.ini,1,600,600.ogg,
numeric,-1,70,RANGE,EXTENDED,EXTENDED,Extended.ini,1,70,70.ogg,
numeric,-1,700,RANGE,EXTENDED,EXTENDED,Extended.ini,1,700,700.ogg,
numeric,-1,80,RANGE,EXTENDED,EXTENDED,Extended.ini,1,80,80.ogg,
numeric,-1,800,RANGE,EXTENDED,EXTENDED,Extended.ini,1,800,800.ogg,
numeric,-1,900,RANGE,EXTENDED,EXTENDED,Extended.ini,1,900,900.ogg,
numeric,-1,and,PACENOTE,modifier,Nummern,Extended.ini,1,Und,and.ogg,
numeric,-1,cut,PACENOTE,FAHREN,Nummern,Fahren.ini,1,Schneiden,cut.ogg,
numeric,-1,dontcut,PACENOTE,FAHREN,Nummern,Fahren.ini,1,Nicht Schneiden,dontcut.ogg,
numeric,-1,into,PACENOTE,modifier,Nummern,Extended.ini,1,In(to),into.ogg,
numeric,-1,long,PACENOTE,Uebrig1,Nummern,Uebrig1.ini,1,Lang,long.ogg,
numeric,-1,maybe,PACENOTE,Uebrig1,Nummern,Uebrig1.ini,1,Vielleicht,maybe.ogg,
numeric,-1,narrows,PACENOTE,STRASSENVERLAUF,Nummern,Strassenverlauf.ini,1,Enger,narrows.ogg,
numeric,-1,onto,PACENOTE,modifier,Nummern,Extended.ini,1,Auf,onto.ogg,
numeric,-1,tightens,PACENOTE,KURVENVERLAUF,Nummern,Kurvenverlauf.ini,1,Verengung,tightens.ogg,
numeric,-1,tightensbad,PACENOTE,KURVENVERLAUF,Nummern,Kurvenverlauf.ini,2,Verengt Stark,tightensbad.ogg,
numeric,-1,wideout,PACENOTE,STRASSENVERLAUF,Nummern,Strassenverlauf.ini,1,Breiter,wideout.ogg,
numeric,0,hairpin_left,PACENOTE,Kurven,Nummern,Smo-Nummern.ini,1,Kehre Links,hairpin_left.ogg,
numeric,1,two_left,PACENOTE,Kurven,Nummern,Smo-Nummern.ini,1,2 Links,two_left.ogg,
numeric,2,three_left,PACENOTE,Kurven,Nummern,Smo-Nummern.ini,1,3 Links,three_left.ogg,
numeric,3,four_left,PACENOTE,Kurven,Nummern,Smo-Nummern.ini,1,4 Links,four_left.ogg,
numeric,4,five_left,PACENOTE,Kurven,Nummern,Smo-Nummern.ini,1,5 Links,five_left.ogg,
numeric,5,six_left,PACENOTE,Kurven,Nummern,Smo-Nummern.ini,1,6 Links,six_left.ogg,
numeric,6,six_right,PACENOTE,Kurven,Nummern,Smo-Nummern.ini,1,6 Rechts,six_right.ogg,
numeric,7,five_right,PACENOTE,Kurven,Nummern,Smo-Nummern.ini,1,5 Rechts,five_right.ogg,
numeric,8,four_right,PACENOTE,Kurven,Nummern,Smo-Nummern.ini,1,4 Rechts,four_right.ogg,
numeric,9,three_right,PACENOTE,Kurven,Nummern,Smo-Nummern.ini,1,3 Rechts,three_right.ogg,
numeric,10,two_right,PACENOTE,Kurven,Nummern,Smo-Nummern.ini,1,2 Rechts,two_right.ogg,
numeric,11,hairpin_right,PACENOTE,Kurven,Nummern,Smo-Nummern.ini,1,Kehre Rechts,hairpin_right.ogg,
numeric,12,twisty,PACENOTE,STRASSENVERLAUF,Nummern,Strassenverlauf.ini,1,Kurvig,twisty.ogg,
numeric,14,narrows,PACENOTE,Uebrig1,Nummern,Uebrig1.ini,1,Enger,narrows.ogg,
numeric,15,wideout,PACENOTE,Uebrig1,Nummern,Uebrig1.ini,1,Breiter,wideout.ogg,
numeric,16,overcrest,PACENOTE,STRASSENVERLAUF,Nummern,Strassenverlauf.ini,1,Über Kuppe,overcrest.ogg,
numeric,17,ford,PACENOTE,HINDERNISSE,Nummern,Hindernisse.ini,1,Furt,ford.ogg,
numeric,18,care,PACENOTE,WARNUNGEN,Nummern,Warnungen.ini,1,Vorsicht,care.ogg,
numeric,19,bump,PACENOTE,HINDERNISSE,Nummern,Hindernisse.ini,1,Schlag,bump.ogg,
numeric,20,jump,PACENOTE,HINDERNISSE,Nummern,Hindernisse.ini,2,Sprung,jump.ogg,
numeric,22,finish,PACENOTE,modifier,Nummern,Extended.ini,1,Ziel,finish.ogg,
numeric,25,flat_right,PACENOTE,Kurven,Nummern,Smo-Nummern.ini,1,Voll Rechts,flat_right.ogg,
numeric,26,flat_left,PACENOTE,Kurven,Nummern,Smo-Nummern.ini,1,Voll Links,flat_left.ogg,
numeric,27,bridge,PACENOTE,BEBAUUNG,Nummern,Bebauung.ini,1,Brücke,bridge.ogg,
numeric,28,gostraight,PACENOTE,FAHREN,Nummern,Fahren.ini,1,Geradeaus,gostraight.ogg,
numeric,29,keepright,PACENOTE,FAHREN,Nummern,Fahren.ini,1,Rechts halten,keepright.ogg,
numeric,30,keepleft,PACENOTE,FAHREN,Nummern,Fahren.ini,1,Links halten,keepleft.ogg,
numeric,31,keepmiddle,PACENOTE,FAHREN,Nummern,Fahren.ini,2,Mittig halten,keepmiddle.ogg,
numeric,32,caution,PACENOTE,WARNUNGEN,Nummern,Warnungen.ini,1,Achtung,caution.ogg,
numeric,102,one_left,PACENOTE,Kurven,Nummern,Smo-Nummern.ini,1,1 Links,one_left.ogg,
numeric,112,one_right,PACENOTE,Kurven,Nummern,Smo-Nummern.ini,1,1 Rechts,one_right.ogg,
numeric,120,left,PACENOTE,Kurven,Nummern,Smo-Nummern.ini,1,Links,left.ogg,
numeric,121,right,PACENOTE,Kurven,Nummern,Smo-Nummern.ini,1,Rechts,right.ogg,
numeric,122,right_into,PACENOTE,Kurven,Nummern,Smo-Nummern.ini,1,Rechts in,right_into.ogg,
numeric,123,left_into,PACENOTE,Kurven,Nummern,Smo-Nummern.ini,1,Links in,left_into.ogg,
numeric,124,right_left,PACENOTE,Kurven,Nummern,Smo-Nummern.ini,1,Rechts-Links,right_left.ogg,
numeric,125,left_right,PACENOTE,Kurven,Nummern,Smo-Nummern.ini,1,Links-Rechts,left_right.ogg,
numeric,126,right_around,PACENOTE,Kurven,Nummern,Smo-Nummern.ini,1,Rechts Herum,right_around.ogg,
numeric,127,left_around,PACENOTE,Kurven,Nummern,Smo-Nummern.ini,1,Links herum,left_around.ogg,
numeric,200,over_bridge,PACENOTE,STRASSENVERLAUF,Nummern,Strassenverlauf.ini,1,Über Brücke,over_bridge.ogg,
numeric,201,over_rails,PACENOTE,STRASSENVERLAUF,Nummern,Strassenverlauf.ini,1,Über Schienen,over_rails.ogg,
numeric,202,over_railway,PACENOTE,STRASSENVERLAUF,Nummern,Strassenverlauf.ini,1,Über Eisenbahn,over_railway.ogg,
numeric,211,deepcut,PACENOTE,FAHREN,Nummern,Fahren.ini,1,Stark schneiden,deepcut.ogg,
numeric,212,fullcut,PACENOTE,FAHREN,Nummern,Fahren.ini,1,Stark schneiden,fullcut.ogg,
numeric,213,keep_centre,PACENOTE,FAHREN,Nummern,Fahren.ini,1,Mittig halten,keep_centre.ogg,
numeric,214,full,PACENOTE,Uebrig1,Nummern,Uebrig1.ini,1,Voll,full.ogg,
numeric,215,go_full,PACENOTE,FAHREN,Nummern,Fahren.ini,1,Tritt drauf,go_full.ogg,
numeric,216,flatout,PACENOTE,FAHREN,Nummern,Fahren.ini,1,Vollgas,flatout.ogg,
numeric,217,brake,PACENOTE,FAHREN,Nummern,Fahren.ini,2,Bremsen,brake.ogg,
numeric,218,light_cut,PACENOTE,FAHREN,Nummern,Fahren.ini,1,Leicht schneiden,light_cut.ogg,
numeric,219,handbrake,PACENOTE,FAHREN,Nummern,Fahren.ini,1,Handbremse,handbrake.ogg,
numeric,220,keep_in,PACENOTE,FAHREN,Nummern,Fahren.ini,1,Innen halten,keep_in.ogg,
numeric,221,keep_out,PACENOTE,FAHREN,Nummern,Fahren.ini,1,Aussen halten,keep_out.ogg,
numeric,223,clip,PACENOTE,FAHREN,Nummern,Fahren.ini,1,Einhängen,clip.ogg,
numeric,230,minus,PACENOTE,Kurven,Nummern,Smo-Nummern.ini,1,Minus,minus.ogg,
numeric,231,minusminus,PACENOTE,Kurven,Nummern,Smo-Nummern.ini,1,MinusMinus,minusminus.ogg,
numeric,232,plus,PACENOTE,Kurven,Nummern,Smo-Nummern.ini,1,Plus,plus.ogg,
numeric,233,plusplus,PACENOTE,Kurven,Nummern,Smo-Nummern.ini,1,PlusPlus,plusplus.ogg,
numeric,234,early,PACENOTE,Uebrig1,Nummern,Uebrig1.ini,1,Früh,early.ogg,
numeric,235,late,PACENOTE,Uebrig1,Nummern,Uebrig1.ini,1,Spät,late.ogg,
numeric,236,easy,PACENOTE,Uebrig1,Nummern,Uebrig1.ini,1,Wenig,easy.ogg,
numeric,237,much,PACENOTE,Uebrig1,Nummern,Uebrig1.ini,1,Viel,much.ogg,
numeric,238,many,PACENOTE,Uebrig1,Nummern,Uebrig1.ini,1,Viele,many.ogg,
numeric,239,very,PACENOTE,Uebrig1,Nummern,Uebrig1.ini,1,Sehr,very.ogg,
numeric,240,hard,PACENOTE,Uebrig1,Nummern,Uebrig1.ini,1,Stark,hard.ogg,
numeric,241,fast,PACENOTE,Uebrig1,Nummern,Uebrig1.ini,1,Schnell,fast.ogg,
numeric,242,slow,PACENOTE,Uebrig1,Nummern,Uebrig1.ini,1,Langsam,slow.ogg,
numeric,243,exact,PACENOTE,Uebrig1,Nummern,Uebrig1.ini,1,Genau,exact.ogg,
numeric,244,slowing,PACENOTE,FAHREN,Nummern,Fahren.ini,1,Langsamer,slowing.ogg,
numeric,245,directly,PACENOTE,Uebrig1,Nummern,Uebrig1.ini,1,Sofort,directly.ogg,
numeric,246,light,PACENOTE,Uebrig1,Nummern,Uebrig1.ini,1,Leicht,light.ogg,
numeric,247,big,PACENOTE,Uebrig1,Nummern,Uebrig1.ini,1,Groß,big.ogg,
numeric,248,small,PACENOTE,Uebrig1,Nummern,Uebrig1.ini,1,Klein,small.ogg,
numeric,249,sharp,PACENOTE,Uebrig1,Nummern,Uebrig1.ini,1,Scharf,sharp.ogg,
numeric,250,round,PACENOTE,Uebrig1,Nummern,Uebrig1.ini,1,Rund,round.ogg,
numeric,251,tight,PACENOTE,Uebrig1,Nummern,Uebrig1.ini,1,Eng,tight.ogg,
numeric,252,slight,PACENOTE,Uebrig1,Nummern,Uebrig1.ini,1,Etwas,slight.ogg,
numeric,253,good,PACENOTE,Uebrig1,Nummern,Uebrig1.ini,1,Gut,good.ogg,
numeric,254,bad,PACENOTE,Uebrig1,Nummern,Uebrig1.ini,1,Schlecht,bad.ogg,
numeric,255,narrow,PACENOTE,STRASSENVERLAUF,Nummern,Strassenverlauf.ini,1,Eng,narrow.ogg,
numeric,256,wide,PACENOTE,STRASSENVERLAUF,Nummern,Strassenverlauf.ini,1,Breit,wide.ogg,
numeric,257,straight,PACENOTE,Uebrig1,Nummern,Uebrig1.ini,1,Gerade,straight.ogg,
numeric,260,uphill,PACENOTE,STRASSENVERLAUF,Nummern,Strassenverlauf.ini,1,Bergauf,uphill.ogg,
numeric,261,downhill,PACENOTE,STRASSENVERLAUF,Nummern,Strassenverlauf.ini,1,Bergab,downhill.ogg,
numeric,263,longlong,PACENOTE,Uebrig1,Nummern,Uebrig1.ini,1,Sehr Lang,longlong.ogg,
numeric,264,short,PACENOTE,Uebrig1,Nummern,Uebrig1.ini,1,Kurz,short.ogg,
numeric,265,shortshort,PACENOTE,Uebrig1,Nummern,Uebrig1.ini,1,Sehr Kurz,shortshort.ogg,
numeric,266,gonarrow,PACENOTE,FAHREN,Nummern,Fahren.ini,1,Eng fahren,go_narrow.ogg,
numeric,267,gowide,PACENOTE,FAHREN,Nummern,Fahren.ini,1,Weit Fahren,go_wide.ogg,
numeric,268,slippery,PACENOTE,Bedingungen,Nummern,Bedingungen.ini,1,Schmiert,slippery.ogg,
numeric,269,slide,PACENOTE,FAHREN,Nummern,Fahren.ini,1,Driften,slide.ogg,
numeric,270,understeer,PACENOTE,Uebrig1,Nummern,Uebrig1.ini,1,Untersteuert,understeer.ogg,
numeric,271,sideways,PACENOTE,FAHREN,Nummern,Fahren.ini,1,Versetzt fahren,sideways.ogg,
numeric,272,hook,PACENOTE,FAHREN,Nummern,Fahren.ini,1,Einhängen,hook.ogg,
numeric,273,draws_in,PACENOTE,Uebrig1,Nummern,Uebrig1.ini,1,Dreht Ein,draws_in.ogg,
numeric,274,very_long,PACENOTE,Uebrig1,Nummern,Uebrig1.ini,1,Sehr Lang,very_long.ogg,
numeric,275,very_short,PACENOTE,Uebrig1,Nummern,Uebrig1.ini,1,Sehr Kurz,very_short.ogg,
numeric,277,slippy,PACENOTE,Bedingungen,Nummern,Bedingungen.ini,1,Rutschig,slippy.ogg,
numeric,290,muddy,PACENOTE,Bedingungen,Nummern,Bedingungen.ini,1,schlammig,muddy.ogg,
numeric,291,dirty,PACENOTE,Bedingungen,Nummern,Bedingungen.ini,1,Schmutzig,dirty.ogg,
numeric,292,bumpy,PACENOTE,BESCHAFFENHEIT,Nummern,Beschaffenheit.ini,1,Bucklig,bumpy.ogg,
numeric,293,cramped,PACENOTE,STRASSENVERLAUF,Nummern,Strassenverlauf.ini,1,Verengt,cramped.ogg,
numeric,294,positive,PACENOTE,Uebrig1,Nummern,Uebrig1.ini,1,Positiv,positive.ogg,
numeric,295,negative,PACENOTE,Uebrig1,Nummern,Uebrig1.ini,1,Negativ,negative.ogg,
numeric,296,dirt,PACENOTE,BESCHAFFENHEIT,Nummern,Beschaffenheit.ini,1,Schmutz,dirt.ogg,
numeric,298,opens,PACENOTE,KURVENVERLAUF,Nummern,Kurvenverlauf.ini,1,Macht Auf,opens.ogg,
numeric,299,fakes,PACENOTE,WARNUNGEN,Nummern,Warnungen.ini,1,Täuscht,fakes.ogg,
numeric,300,bumps,PACENOTE,BESCHAFFENHEIT,Nummern,Beschaffenheit.ini,2,Schläge,bumps.ogg,
numeric,301,hidden,PACENOTE,WARNUNGEN,Nummern,Warnungen.ini,1,Verborgen,hidden.ogg,
numeric,302,blind,PACENOTE,WARNUNGEN,Nummern,Warnungen.ini,1,Blind,blind.ogg,
numeric,303,double_caution,PACENOTE,WARNUNGEN,Nummern,Warnungen.ini,1,Gut Aufpassen,double_caution.ogg,
numeric,304,triple_caution,PACENOTE,WARNUNGEN,Nummern,Warnungen.ini,1,Gefahr,triple_caution.ogg,
numeric,320,gravel,PACENOTE,BESCHAFFENHEIT,Nummern,Beschaffenheit.ini,1,Schotter,gravel.ogg,
numeric,321,tarmac,PACENOTE,BESCHAFFENHEIT,Nummern,Beschaffenheit.ini,1,Asphalt,tarmac.ogg,
numeric,322,concrete,PACENOTE,BESCHAFFENHEIT,Nummern,Beschaffenheit.ini,1,Beton,concrete.ogg,
numeric,323,cobbles,PACENOTE,BESCHAFFENHEIT,Nummern,Beschaffenheit.ini,1,Pflaster,cobbles.ogg,
numeric,324,grit,PACENOTE,BESCHAFFENHEIT,Nummern,Beschaffenheit.ini,1,Kies,grit.ogg,
numeric,325,snow,PACENOTE,BESCHAFFENHEIT,Nummern,Beschaffenheit.ini,1,Schnee,snow.ogg,
numeric,326,onsplit,PACENOTE,BESCHAFFENHEIT,Nummern,Beschaffenheit.ini,1,Splitt,onsplit.ogg,
numeric,327,icy,PACENOTE,BESCHAFFENHEIT,Nummern,Beschaffenheit.ini,1,Eisig,icy.ogg,
numeric,328,rubble,PACENOTE,BESCHAFFENHEIT,Nummern,Beschaffenheit.ini,1,Geröll,rubble.ogg,
numeric,329,ice,PACENOTE,BESCHAFFENHEIT,Nummern,Beschaffenheit.ini,1,Eis,ice.ogg,
numeric,330,loose_gravel,PACENOTE,BESCHAFFENHEIT,Nummern,Beschaffenheit.ini,1,Loser Schotter,loose_gravel.ogg,
numeric,340,crest,PACENOTE,HINDERNISSE,Nummern,Hindernisse.ini,1,Kuppe,crest.ogg,
numeric,341,hollow,PACENOTE,STRASSENVERLAUF,Nummern,Strassenverlauf.ini,1,Mulde,hollow.ogg,
numeric,342,camber,PACENOTE,STRASSENVERLAUF,Nummern,Strassenverlauf.ini,1,Hängt innen,camber.ogg,
numeric,343,reverse_camber,PACENOTE,STRASSENVERLAUF,Nummern,Strassenverlauf.ini,1,Wanne,bad_camber.ogg,
numeric,344,hole,PACENOTE,BESCHAFFENHEIT,Nummern,Beschaffenheit.ini,2,Loch,hole.ogg,
numeric,345,ruts,PACENOTE,BESCHAFFENHEIT,Nummern,Beschaffenheit.ini,1,Rillen,ruts.ogg,
numeric,346,deepruts,PACENOTE,BESCHAFFENHEIT,Nummern,Beschaffenheit.ini,1,Arge Rillen,deepruts.ogg,
numeric,347,border,PACENOTE,HINDERNISSE,Nummern,Hindernisse.ini,1,Rand,border.ogg,
numeric,348,edge,PACENOTE,HINDERNISSE,Nummern,Hindernisse.ini,1,Kante,edge.ogg,
numeric,349,curb,PACENOTE,HINDERNISSE,Nummern,Hindernisse.ini,1,Randstein,curb.ogg,
numeric,350,ditch,PACENOTE,HINDERNISSE,Nummern,Hindernisse.ini,1,Graben,ditch.ogg,
numeric,351,junction,PACENOTE,STRASSENVERLAUF,Nummern,Strassenverlauf.ini,2,Kreuzung,junction.ogg,
numeric,352,curve,PACENOTE,STRASSENVERLAUF,Nummern,Strassenverlauf.ini,1,Kurve,curve.ogg,
numeric,353,turn,PACENOTE,FAHREN,Nummern,Fahren.ini,1,Abbiegen,turn.ogg,
numeric,354,steep_drop,PACENOTE,STRASSENVERLAUF,Nummern,Strassenverlauf.ini,1,Steil runter,steep_drop.ogg,
numeric,355,bad_camber,PACENOTE,STRASSENVERLAUF,Nummern,Strassenverlauf.ini,1,Fällt aussen,bad_camber.ogg,
numeric,356,shoulder,PACENOTE,HINDERNISSE,Nummern,Hindernisse.ini,1,Bankett,shoulder.ogg,
numeric,357,steep_hill,PACENOTE,STRASSENVERLAUF,Nummern,Strassenverlauf.ini,1,Starkes Gefälle,steep_hill.ogg,
numeric,358,steep_incline,PACENOTE,STRASSENVERLAUF,Nummern,Strassenverlauf.ini,1,Starke Steigung,steep_incline.ogg,
numeric,359,steep_slope,PACENOTE,STRASSENVERLAUF,Nummern,Strassenverlauf.ini,1,Starkes Gefälle,steep_slope.ogg,
numeric,361,dip,PACENOTE,HINDERNISSE,Nummern,Hindernisse.ini,1,Senke,dip.ogg,
numeric,362,drops,PACENOTE,STRASSENVERLAUF,Nummern,Strassenverlauf.ini,1,Fällt,drops.ogg,
numeric,363,drops_left,PACENOTE,STRASSENVERLAUF,Nummern,Strassenverlauf.ini,1,Fällt Links,drops_left.ogg,
numeric,364,drops_right,PACENOTE,STRASSENVERLAUF,Nummern,Strassenverlauf.ini,1,Fällt Rechts,drops_right.ogg,
numeric,365,fork_left,PACENOTE,STRASSENVERLAUF,Nummern,Strassenverlauf.ini,1,Gabelung Links,fork_left.ogg,
numeric,366,fork_right,PACENOTE,STRASSENVERLAUF,Nummern,Strassenverlauf.ini,1,Gabelung Rechts,fork_right.ogg,
numeric,367,negative_camber,PACENOTE,STRASSENVERLAUF,Nummern,Strassenverlauf.ini,1,Hängt Aussen,bad_camber.ogg,
numeric,368,positive_camber,PACENOTE,STRASSENVERLAUF,Nummern,Strassenverlauf.ini,1,Hängt Innen,camber.ogg,
numeric,370,fence,PACENOTE,BEBAUUNG,Nummern,Bebauung.ini,1,Zaun,fence.ogg,
numeric,371,wall,PACENOTE,BEBAUUNG,Nummern,Bebauung.ini,1,Mauer,wall.ogg,
numeric,372,house,PACENOTE,BEBAUUNG,Nummern,Bebauung.ini,1,Haus,house.ogg,
numeric,373,tree,PACENOTE,HINDERNISSE,Nummern,Hindernisse.ini,1,Baum,tree.ogg,
numeric,374,stump,PACENOTE,HINDERNISSE,Nummern,Hindernisse.ini,1,Stumpf,stump.ogg,
numeric,375,mast,PACENOTE,BEBAUUNG,Nummern,Bebauung.ini,1,Mast,mast.ogg,
numeric,376,post,PACENOTE,BEBAUUNG,Nummern,Bebauung.ini,1,Pfosten,post.ogg,
numeric,377,island,PACENOTE,BEBAUUNG,Nummern,Bebauung.ini,1,Insel,island.ogg,
numeric,378,chicane,PACENOTE,BEBAUUNG,Nummern,Bebauung.ini,1,Schikane,chicane.ogg,
numeric,379,stone,PACENOTE,HINDERNISSE,Nummern,Hindernisse.ini,1,Stein,stone.ogg,
numeric,380,rock,PACENOTE,HINDERNISSE,Nummern,Hindernisse.ini,1,Fels,rock.ogg,
numeric,381,tunnel,PACENOTE,BEBAUUNG,Nummern,Bebauung.ini,1,Tunnel,tunnel.ogg,
numeric,382,road,PACENOTE,BEBAUUNG,Nummern,Bebauung.ini,1,Straße,road.ogg,
numeric,383,walk,PACENOTE,BEBAUUNG,Nummern,Bebauung.ini,1,Weg,walk.ogg,
numeric,384,rails,PACENOTE,HINDERNISSE,Nummern,Hindernisse.ini,1,Gleise,rails.ogg,
numeric,385,sign,PACENOTE,BEBAUUNG,Nummern,Bebauung.ini,1,Schild,sign.ogg,
numeric,386,bush,PACENOTE,HINDERNISSE,Nummern,Hindernisse.ini,1,Busch,bush.ogg,
numeric,387,path,PACENOTE,BEBAUUNG,Nummern,Bebauung.ini,1,Pfad,path.ogg,
numeric,388,water,PACENOTE,HINDERNISSE,Nummern,Hindernisse.ini,1,Wasser,water.ogg,
numeric,389,puddle,PACENOTE,BESCHAFFENHEIT,Nummern,Beschaffenheit.ini,1,Pfütze,puddle.ogg,
numeric,390,netting,PACENOTE,HINDERNISSE,Nummern,Hindernisse.ini,1,Netz,netting.ogg,
numeric,391,tape,PACENOTE,HINDERNISSE,Nummern,Hindernisse.ini,1,Band,tape.ogg,
numeric,392,left_entry_chicane,PACENOTE,HINDERNISSE,Nummern,Hindernisse.ini,1,Schikane Eingang Links,left_entry_chicane.ogg,
numeric,393,right_entry_chicane,PACENOTE,HINDERNISSE,Nummern,Hindernisse.ini,1,Schikane Eingang Rechts,right_entry_chicane.ogg,
numeric,394,tyres,PACENOTE,HINDERNISSE,Nummern,Hindernisse.ini,1,Reifen,tyres.ogg,
numeric,395,spectators,PACENOTE,HINDERNISSE,Nummern,Hindernisse.ini,1,Zuschauer,spectators.ogg,
numeric,396,marshalls,PACENOTE,HINDERNISSE,Nummern,Hindernisse.ini,1,Marschalls,marshalls.ogg,
numeric,397,barrels,PACENOTE,HINDERNISSE,Nummern,Hindernisse.ini,1,Fässer,barrels.ogg,
numeric,399,roundabout,PACENOTE,BEBAUUNG,Nummern,Bebauung.ini,1,Kreisel,roundabout.ogg,
numeric,400,through,PACENOTE,PREPOSITIONS,Nummern,Smo-Extended.ini,1,Durch,through.ogg,
numeric,401,after,PACENOTE,PREPOSITIONS,Nummern,Smo-Extended.ini,1,Nach,after.ogg,
numeric,402,near,PACENOTE,PREPOSITIONS,Nummern,Smo-Extended.ini,1,Nah,near.ogg,
numeric,403,on,PACENOTE,PREPOSITIONS,Nummern,Smo-Extended.ini,1,Auf,on.ogg,
numeric,404,until,PACENOTE,PREPOSITIONS,Nummern,Smo-Extended.ini,1,Bis,until.ogg,
numeric,405,at,PACENOTE,PREPOSITIONS,Nummern,Smo-Extended.ini,1,Bei,at.ogg,
numeric,406,before,PACENOTE,PREPOSITIONS,Nummern,Smo-Extended.ini,1,Vor,before.ogg,
numeric,407,over,PACENOTE,PREPOSITIONS,Nummern,Smo-Extended.ini,1,Über,over.ogg,
numeric,408,in,PACENOTE,PREPOSITIONS,Nummern,Smo-Extended.ini,1,In,in.ogg,
numeric,409,behind,PACENOTE,PREPOSITIONS,Nummern,Smo-Extended.ini,1,Hinter,behind.ogg,
numeric,410,for,PACENOTE,PREPOSITIONS,Nummern,Smo-Extended.ini,1,Für,for.ogg,
numeric,411,inside,PACENOTE,PREPOSITIONS,Nummern,Smo-Extended.ini,1,Innen,inside.ogg,
numeric,412,outside,PACENOTE,PREPOSITIONS,Nummern,Smo-Extended.ini,1,Außen,outside.ogg,
numeric,413,then,PACENOTE,PREPOSITIONS,Nummern,Smo-Extended.ini,1,Dann,then.ogg,
numeric,414,off,PACENOTE,PREPOSITIONS,Nummern,Smo-Extended.ini,1,Von,off.ogg,
numeric,430,done,PACENOTE,modifier,Nummern,Extended.ini,1,Ende,done.ogg,
numeric,431,stop,PACENOTE,modifier,Nummern,Extended.ini,1,Stop,stop.ogg,
numeric,432,line,PACENOTE,FAHREN,Nummern,Fahren.ini,1,Linie,line.ogg,
numeric,540,onto_gravel,PACENOTE,BESCHAFFENHEIT,Nummern,Beschaffenheit.ini,1,Auf Schotter,onto_gravel.ogg,
numeric,541,onto_tarmac,PACENOTE,BESCHAFFENHEIT,Nummern,Beschaffenheit.ini,1,Auf Asphalt,onto_tarmac.ogg,
numeric,542,onto_concrete,PACENOTE,BESCHAFFENHEIT,Nummern,Beschaffenheit.ini,1,Auf Beton,onto_concrete.ogg,
numeric,543,onto_cobbles,PACENOTE,BESCHAFFENHEIT,Nummern,Beschaffenheit.ini,1,Auf Pflaster,onto_cobbles.ogg,
numeric,544,onto_grit,PACENOTE,BESCHAFFENHEIT,Nummern,Beschaffenheit.ini,1,Auf Kies,onto_grit.ogg,
numeric,545,onto_snow,PACENOTE,BESCHAFFENHEIT,Nummern,Beschaffenheit.ini,1,Auf Schnee,onto_snow.ogg,
numeric,546,wet,PACENOTE,Bedingungen,Nummern,Bedingungen.ini,1,Nass,wet.ogg,
numeric,547,dry,PACENOTE,Bedingungen,Nummern,Bedingungen.ini,1,Trocken,dry.ogg,
numeric,548,damp,PACENOTE,Bedingungen,Nummern,Bedingungen.ini,1,Feucht,damp.ogg,
numeric,549,hold,PACENOTE,FAHREN,Nummern,Fahren.ini,2,Halten,hold.ogg,
numeric,550,take_speed,PACENOTE,FAHREN,Nummern,Fahren.ini,1,Speed halten,take_speed.ogg,
numeric,551,l_foot_braking,PACENOTE,FAHREN,Nummern,Fahren.ini,1,Links bremsen,l_foot_braking.ogg,
numeric,552,grip_off,PACENOTE,Bedingungen,Nummern,Bedingungen.ini,1,Kein Grip,grip_off.ogg,
numeric,553,grip,PACENOTE,Bedingungen,Nummern,Bedingungen.ini,1,Grip,grip.ogg,
numeric,554,good_grip,PACENOTE,Bedingungen,Nummern,Bedingungen.ini,1,Viel Grip,good_grip.ogg,
numeric,555,to_sight_distance,PACENOTE,FAHREN,Nummern,Fahren.ini,1,Bis Sicht,to_sight_distance.ogg,
numeric,556,split-time,PACENOTE,Abstimmung,Nummern,Abstimmung.ini,1,Zwischenzeit,split_time.ogg,
numeric,556,split_time,PACENOTE,modifier,Nummern,Extended.ini,1,,split_time.ogg,
numeric,557,entry,PACENOTE,Uebrig1,Nummern,Uebrig1.ini,1,Eingang,entry.ogg,
numeric,2001,tightenstosix,PACENOTE,KURVENVERLAUF,Nummern,Kurvenverlauf.ini,1,Enger 6,tightens6.ogg,
numeric,2002,tightenstofive,PACENOTE,KURVENVERLAUF,Nummern,Kurvenverlauf.ini,1,Enger 5,tightens5.ogg,
numeric,2003,tightenstofour,PACENOTE,KURVENVERLAUF,Nummern,Kurvenverlauf.ini,1,Enger 4,tightens4.ogg,
numeric,2004,tightenstothree,PACENOTE,KURVENVERLAUF,Nummern,Kurvenverlauf.ini,1,Enger 3,tightens3.ogg,
numeric,2005,tightenstotwo,PACENOTE,KURVENVERLAUF,Nummern,Kurvenverlauf.ini,1,Enger 2,tightens2.ogg,
numeric,2005,tightenstotwo,PACENOTE,Kurven,Nummern,Smo-Nummern.ini,1,Enger 2,tightens90.ogg,
numeric,2006,tightenstoone,PACENOTE,KURVENVERLAUF,Nummern,Kurvenverlauf.ini,1,Enger 1,tightens1.ogg,
numeric,2006,tightenstoone,PACENOTE,Kurven,Nummern,Smo-Nummern.ini,1,Enger 1,tightens_acute.ogg,
numeric,2007,tightenstoacute,PACENOTE,KURVENVERLAUF,Nummern,Kurvenverlauf.ini,1,Enger Kehre,tightens_acute.ogg,
numeric,2008,tosix,PACENOTE,KURVENVERLAUF,Nummern,Kurvenverlauf.ini,1,In 6,to_6.ogg,
numeric,2009,tofive,PACENOTE,KURVENVERLAUF,Nummern,Kurvenverlauf.ini,1,In 5,to_5.ogg,
numeric,2010,tofour,PACENOTE,KURVENVERLAUF,Nummern,Kurvenverlauf.ini,1,In 4,to_4.ogg,
numeric,2011,tothree,PACENOTE,KURVENVERLAUF,Nummern,Kurvenverlauf.ini,1,In 3,to_90.ogg,
numeric,2012,totwo,PACENOTE,KURVENVERLAUF,Nummern,Kurvenverlauf.ini,1,In 2,to_2.ogg,
numeric,2013,toone,PACENOTE,KURVENVERLAUF,Nummern,Kurvenverlauf.ini,1,In 1,to_1.ogg,
numeric,2014,toacute,PACENOTE,KURVENVERLAUF,Nummern,Kurvenverlauf.ini,1,In Kehre,to_acute.ogg,
numeric,2015,tightenslate,PACENOTE,KURVENVERLAUF,Nummern,Kurvenverlauf.ini,1,Verengt spät,tightenslate.ogg,
numeric,2016,dontcutearly,PACENOTE,FAHREN,Nummern,Fahren.ini,1,Nicht Eingangs schneiden,dont_cut_early.ogg,
numeric,2017,dontcutlate,PACENOTE,FAHREN,Nummern,Fahren.ini,1,Nicht spät schneiden,dont_cut_late.ogg,
numeric,2018,openstightens,PACENOTE,KURVENVERLAUF,Nummern,Kurvenverlauf.ini,1,"Macht auf, dann zu",openstightens.ogg,
numeric,2019,tightensopens,PACENOTE,KURVENVERLAUF,Nummern,Kurvenverlauf.ini,1,"Macht zu, dann auf",tightensopens.ogg,
numeric,2020,roiku,PACENOTE,FAHREN,Nummern,Fahren.ini,1,Hängt,hangs.ogg,
numeric,2021,carein,PACENOTE,WARNUNGEN,Nummern,Warnungen.ini,1,Vorsicht innen,carein.ogg,
numeric,2022,careout,PACENOTE,WARNUNGEN,Nummern,Warnungen.ini,1,Vorsicht aussen,careout.ogg,
numeric,2023,hae,PACENOTE,FAHREN,Nummern,Fahren.ini,2,Linie,line.ogg,
numeric,2024,todip,PACENOTE,STRASSENVERLAUF,Nummern,Strassenverlauf.ini,1,Durch Senke,to_dip.ogg,
numeric,2029,continuesovercrest,PACENOTE,KURVENVERLAUF,Nummern,Kurvenverlauf.ini,1,geht über Kuppe,overcrest.ogg,
numeric,2100,vasemmalta,PACENOTE,FAHREN,Nummern,Fahren.ini,1,Links halten,keepleft.ogg,
numeric,2101,oikeelta,PACENOTE,FAHREN,Nummern,Fahren.ini,1,Rechts halten,keepright.ogg,
numeric,2103,half_long,PACENOTE,Uebrig1,Nummern,Uebrig1.ini,1,Halblang,half_long.ogg,
numeric,2106,jump_flat,PACENOTE,FAHREN,Nummern,Fahren.ini,2,Sprung voll,jumpfull.ogg,
numeric,2107,jump_bind,PACENOTE,FAHREN,Nummern,Fahren.ini,2,Sprung vermeiden,avoid_jump.ogg,
numeric,2108,over_jump,PACENOTE,STRASSENVERLAUF,Nummern,Strassenverlauf.ini,2,Über Sprung,over_jump.ogg,
numeric,2109,small_crest,PACENOTE,HINDERNISSE,Nummern,Hindernisse.ini,2,Kleine Kuppe,smallcrest.ogg,
