style,id,name,type,category,package,ini,sound_count,translation,sound,popularity,error
numeric,-1,100,RANGE,EXTENDED,RBR,Extended.ini,1,100,100_1.ogg,-1,
numeric,-1,1000,RANGE,EXTENDED,RBR,Extended.ini,1,1000,1000.ogg,-1,
numeric,-1,120,RANGE,EXTENDED,RBR,Extended.ini,1,120,120_1.ogg,-1,
numeric,-1,140,RANGE,EXTENDED,RBR,Extended.ini,1,140,140_1.ogg,-1,
numeric,-1,150,RANGE,EXTENDED,RBR,Extended.ini,1,150,150_1.ogg,-1,
numeric,-1,160,RANGE,EXTENDED,RBR,Extended.ini,1,160,160_1.ogg,-1,
numeric,-1,180,RANGE,EXTENDED,RBR,Extended.ini,1,180,180_1.ogg,-1,
numeric,-1,200,RANGE,EXTENDED,RBR,Extended.ini,1,200,200_1.ogg,-1,
numeric,-1,250,RANGE,EXTENDED,RBR,Extended.ini,1,250,250_1.ogg,-1,
numeric,-1,30,RANGE,EXTENDED,RBR,Extended.ini,1,30,30_1.ogg,-1,
numeric,-1,300,RANGE,EXTENDED,RBR,Extended.ini,1,300,300_1.ogg,-1,
numeric,-1,350,RANGE,EXTENDED,RBR,Extended.ini,1,350,350_1.ogg,-1,
numeric,-1,40,RANGE,EXTENDED,RBR,Extended.ini,1,40,40_1.ogg,-1,
numeric,-1,400,RANGE,EXTENDED,RBR,Extended.ini,1,400,400_1.ogg,-1,
numeric,-1,450,RANGE,EXTENDED,RBR,Extended.ini,1,450,450_1.ogg,-1,
numeric,-1,50,RANGE,EXTENDED,RBR,Extended.ini,1,50,50_1.ogg,-1,
numeric,-1,500,RANGE,EXTENDED,RBR,Extended.ini,1,500,500_1.ogg,-1,
numeric,-1,60,RANGE,EXTENDED,RBR,Extended.ini,1,60,60_1.ogg,-1,
numeric,-1,600,RANGE,EXTENDED,RBR,Extended.ini,1,600,600.ogg,-1,
numeric,-1,70,RANGE,EXTENDED,RBR,Extended.ini,1,70,70_1.ogg,-1,
numeric,-1,700,RANGE,EXTENDED,RBR,Extended.ini,1,700,700.ogg,-1,
numeric,-1,80,RANGE,EXTENDED,RBR,Extended.ini,1,80,80_1.ogg,-1,
numeric,-1,800,RANGE,EXTENDED,RBR,Extended.ini,1,800,800.ogg,-1,
numeric,-1,900,RANGE,EXTENDED,RBR,Extended.ini,1,900,900.ogg,-1,
numeric,-1,and,PACENOTE,LINKS,RBR,Extended.ini,2,And,jatkuu1.ogg,-1,
numeric,-1,and,PACENOTE,LINKS,RBR,Extended.ini,2,And,jatkuu2.ogg,-1,
numeric,-1,caution_water,PACENOTE,CAUTIONS,RBR,Extended.ini,1,Caution Water,huomio_vetta.ogg,-1,
numeric,-1,cut,PACENOTE,MODIFIER,RBR,Extended.ini,1,Cut,sisalta.ogg,-1,
numeric,-1,dontcut,PACENOTE,MODIFIER,RBR,Extended.ini,1,Don't Cut,ala.ogg,-1,
numeric,-1,into,PACENOTE,LINKS,RBR,Extended.ini,2,Into,into1.ogg,-1,
numeric,-1,into,PACENOTE,LINKS,RBR,Extended.ini,2,Into,into2.ogg,-1,
numeric,-1,long,PACENOTE,MODIFIER,RBR,Extended.ini,1,Long,pitka.ogg,-1,
numeric,-1,maybe,PACENOTE,ADDITIONAL,RBR,Extended.ini,1,Maybe,ehka1.ogg,-1,
numeric,-1,maybe,PACENOTE,ADDITIONAL,RBR,Extended.ini,1,Maybe,ehka2.ogg,-1,
numeric,-1,maybe,PACENOTE,MODIFIER,RBR,Extended.ini,1,Maybe,ehka1.ogg,-1,
numeric,-1,narrows,PACENOTE,MODIFIER,RBR,Extended.ini,1,Narrows,sumppu.ogg,-1,
numeric,-1,onto,PACENOTE,LINKS,RBR,Extended.ini,1,Onto,onto.ogg,-1,
numeric,-1,tightens,PACENOTE,MODIFIER,RBR,Extended.ini,1,Tightens,kirraa1.ogg,-1,
numeric,-1,tightensbad,PACENOTE,ADJECTIVES,RBR,Extended.ini,2,Tightens Bad,kirraa_kirraa.ogg,-1,
numeric,-1,tightensbad,PACENOTE,ADJECTIVES,RBR,Extended.ini,2,Tightens Bad,kirraa_kirraa_2.ogg,-1,
numeric,-1,tightensbad,PACENOTE,MODIFIER,RBR,Extended.ini,2,Double Tightens,kirraa_kirraa.ogg,-1,
numeric,-1,tightensbad,PACENOTE,MODIFIER,RBR,Extended.ini,2,Double Tightens,kirraa_kirraa_2.ogg,-1,
numeric,-1,wideout,PACENOTE,MODIFIER,RBR,Extended.ini,1,Widens,levenee.ogg,-1,
numeric,0,one_left,PACENOTE,CORNERS,RBR,Numeric.ini,2,HP Left,vasen_tiukka1.ogg,0.63,
numeric,0,one_left,PACENOTE,CORNERS,RBR,Numeric.ini,2,HP Left,vasen_tiukka2.ogg,0.63,
numeric,1,square_left,PACENOTE,CORNERS,RBR,Numeric.ini,2,2 Left,vasen_kaks1.ogg,0.74,
numeric,1,square_left,PACENOTE,CORNERS,RBR,Numeric.ini,2,2 Left,vasen_kaks2.ogg,0.74,
numeric,2,three_left,PACENOTE,CORNERS,RBR,Numeric.ini,2,3 Left,vasen_kolme1.ogg,0.88,
numeric,2,three_left,PACENOTE,CORNERS,RBR,Numeric.ini,2,3 Left,vasen_kolme2.ogg,0.88,
numeric,3,four_left,PACENOTE,CORNERS,RBR,Numeric.ini,2,4 Left,vasen_nelja1.ogg,0.94,
numeric,3,four_left,PACENOTE,CORNERS,RBR,Numeric.ini,2,4 Left,vasen_nelja2.ogg,0.94,
numeric,4,five_left,PACENOTE,CORNERS,RBR,Numeric.ini,2,5 Left,vasen_viis1.ogg,0.93,
numeric,4,five_left,PACENOTE,CORNERS,RBR,Numeric.ini,2,5 Left,vasen_viis2.ogg,0.93,
numeric,5,six_left,PACENOTE,CORNERS,RBR,Numeric.ini,3,6 Left,vasen_kuus1.ogg,0.87,
numeric,5,six_left,PACENOTE,CORNERS,RBR,Numeric.ini,3,6 Left,vasen_kuus2.ogg,0.87,
numeric,5,six_left,PACENOTE,CORNERS,RBR,Numeric.ini,3,6 Left,vasen_kuus3.ogg,0.87,
numeric,6,six_right,PACENOTE,CORNERS,RBR,Numeric.ini,2,6 Right,oikee_kuus1.ogg,0.88,
numeric,6,six_right,PACENOTE,CORNERS,RBR,Numeric.ini,2,6 Right,oikee_kuus2.ogg,0.88,
numeric,7,five_right,PACENOTE,CORNERS,RBR,Numeric.ini,2,5 Right,oikee_viis1.ogg,0.94,
numeric,7,five_right,PACENOTE,CORNERS,RBR,Numeric.ini,2,5 Right,oikee_viis2.ogg,0.94,
numeric,8,four_right,PACENOTE,CORNERS,RBR,Numeric.ini,2,4 Right,oikee_nelja1.ogg,0.94,
numeric,8,four_right,PACENOTE,CORNERS,RBR,Numeric.ini,2,4 Right,oikee_nelja2.ogg,0.94,
numeric,9,three_right,PACENOTE,CORNERS,RBR,Numeric.ini,2,3 Right,oikee_kolme1.ogg,0.86,
numeric,9,three_right,PACENOTE,CORNERS,RBR,Numeric.ini,2,3 Right,oikee_kolme2.ogg,0.86,
numeric,10,square_right,PACENOTE,CORNERS,RBR,Numeric.ini,2,2 Right,oikee_kaks1.ogg,0.73,
numeric,10,square_right,PACENOTE,CORNERS,RBR,Numeric.ini,2,2 Right,oikee_kaks2.ogg,0.73,
numeric,11,one_right,PACENOTE,CORNERS,RBR,Numeric.ini,2,HP Right,oikee_tiukka1.ogg,0.6,
numeric,11,one_right,PACENOTE,CORNERS,RBR,Numeric.ini,2,HP Right,oikee_tiukka2.ogg,0.6,
numeric,12,twisty,PACENOTE,LINE,RBR,Extended.ini,1,Twisty,suoraksi.ogg,0.32,
numeric,14,narrows,PACENOTE,ADDITIONAL,RBR,Extended.ini,1,Narrows,sumppu.ogg,0.32,
numeric,15,wideout,PACENOTE,ADDITIONAL,RBR,Extended.ini,1,Widens,levenee.ogg,0.09,
numeric,16,overcrest,PACENOTE,OBSTACLES,RBR,Extended.ini,1,Over Crest,yli_nypyn.ogg,0.82,
numeric,17,ford,PACENOTE,OBSTACLES,RBR,Extended.ini,1,Water,vetta.ogg,0.1,
numeric,18,care,PACENOTE,CAUTIONS,RBR,Extended.ini,1,Care,varo1.ogg,0.49,
numeric,19,bump,PACENOTE,OBSTACLES,RBR,Extended.ini,1,Bump,pomppu.ogg,0.53,
numeric,20,jump,PACENOTE,OBSTACLES,RBR,Extended.ini,2,Jump,hyppy1.ogg,0.54,
numeric,20,jump,PACENOTE,OBSTACLES,RBR,Extended.ini,2,Jump,hyppy2.ogg,0.54,
numeric,22,finish,PACENOTE,LINKS,RBR,Extended.ini,1,Finish,maali.ogg,1.0,
numeric,25,flat_right,PACENOTE,CORNERS,RBR,Numeric.ini,2,Flat Right,oikee_tays1.ogg,0.59,
numeric,25,flat_right,PACENOTE,CORNERS,RBR,Numeric.ini,2,Flat Right,oikee_tays2.ogg,0.59,
numeric,26,flat_left,PACENOTE,CORNERS,RBR,Numeric.ini,2,Flat Left,vasen_tays1.ogg,0.59,
numeric,26,flat_left,PACENOTE,CORNERS,RBR,Numeric.ini,2,Flat Left,vasen_tays2.ogg,0.59,
numeric,27,bridge,PACENOTE,OBSTACLES,RBR,Extended.ini,1,Bridge,silta.ogg,0.34,
numeric,28,gostraight,PACENOTE,LINE,RBR,Extended.ini,1,Go Straight,suoraan.ogg,0.23,
numeric,29,keepright,PACENOTE,LINE,RBR,Extended.ini,1,Keep Right,oikee_laita.ogg,0.46,
numeric,30,keepleft,PACENOTE,LINE,RBR,Extended.ini,1,Keep Left,vasen_laita.ogg,0.44,
numeric,31,keepmiddle,PACENOTE,LINE,RBR,Extended.ini,2,Keep Middle,keskelta1.ogg,0.45,
numeric,31,keepmiddle,PACENOTE,LINE,RBR,Extended.ini,2,Keep Middle,keskelta2.ogg,0.45,
numeric,32,caution,PACENOTE,CAUTIONS,RBR,Extended.ini,1,Caution,huomio.ogg,0.56,
numeric,102,two_left,PACENOTE,CORNERS,RBR,Numeric.ini,2,1 Left,vasen_yks1.ogg,0.02,
numeric,102,two_left,PACENOTE,CORNERS,RBR,Numeric.ini,2,1 Left,vasen_yks2.ogg,0.02,
numeric,112,two_right,PACENOTE,CORNERS,RBR,Numeric.ini,2,1 Right,oikee_yks1.ogg,0.02,
numeric,112,two_right,PACENOTE,CORNERS,RBR,Numeric.ini,2,1 Right,oikee_yks2.ogg,0.02,
numeric,120,left,PACENOTE,CORNERS,RBR,Numeric.ini,1,Left,left.ogg,-1,file missing
numeric,121,right,PACENOTE,CORNERS,RBR,Numeric.ini,1,Right,right.ogg,-1,file missing
numeric,122,right_into,PACENOTE,CORNERS,RBR,Numeric.ini,1,Right Into,right_into.ogg,-1,file missing
numeric,123,left_into,PACENOTE,CORNERS,RBR,Numeric.ini,1,Left Into,left_into.ogg,-1,file missing
numeric,124,right_left,PACENOTE,CORNERS,RBR,Numeric.ini,1,Right-Left,right_left.ogg,-1,file missing
numeric,125,left_right,PACENOTE,CORNERS,RBR,Numeric.ini,1,Left-Right,left_right.ogg,-1,file missing
numeric,126,right_around,PACENOTE,CORNERS,RBR,Numeric.ini,1,Right Around,right_around.ogg,-1,file missing
numeric,127,left_around,PACENOTE,CORNERS,RBR,Numeric.ini,1,Left Around,left_around.ogg,-1,file missing
numeric,200,over_bridge,PACENOTE,OBSTACLES,RBR,Extended.ini,1,SILLAN YLI,silta.ogg,0.0,
numeric,201,over_rails,PACENOTE,OBSTACLES,RBR,Extended.ini,1,RAITEIDEN YLI,raiteet.ogg,-1,
numeric,202,over_railway,PACENOTE,OBSTACLES,RBR,Extended.ini,1,RAITEIDEN YLI,raiteet.ogg,-1,
numeric,211,deepcut,PACENOTE,LINE,RBR,Extended.ini,1,DEEP CUT,deepcut.ogg,0.0,file missing
numeric,212,fullcut,PACENOTE,LINE,RBR,Extended.ini,1,Full Cut,leikkaa.ogg,0.0,
numeric,213,keep_centre,PACENOTE,LINE,RBR,Extended.ini,1,Keep Centre,keskelta.ogg,0.0,file missing
numeric,217,brake,PACENOTE,CAUTIONS,RBR,Extended.ini,2,Brake,jarru1.ogg,0.18,
numeric,217,brake,PACENOTE,CAUTIONS,RBR,Extended.ini,2,Brake,jarru2.ogg,0.18,
numeric,218,light_cut,PACENOTE,LINE,RBR,Extended.ini,1,LIGHTCUT,light_cut.ogg,0.0,file missing
numeric,220,keep_in,PACENOTE,LINE,RBR,Extended.ini,1,Keep In,pida1.ogg,0.01,
numeric,220,keep_in,PACENOTE,LINE,RBR,Extended.ini,1,Keep In,pida2.ogg,0.01,
numeric,221,keep_out,PACENOTE,LINE,RBR,Extended.ini,1,Keep Out,ulkoo.ogg,-1,
numeric,223,clip,PACENOTE,LINE,RBR,Extended.ini,1,Clip,clip.ogg,-1,file missing
numeric,230,minus,PACENOTE,ADDITIONAL,RBR,Extended.ini,1,Minus,miinus.ogg,0.08,
numeric,231,minusminus,PACENOTE,ADDITIONAL,RBR,Extended.ini,1,MIINUS MIINUS,minusminus.ogg,-1,file missing
numeric,232,plus,PACENOTE,ADDITIONAL,RBR,Extended.ini,1,Plus,plus.ogg,0.04,
numeric,233,plusplus,PACENOTE,ADDITIONAL,RBR,Extended.ini,1,PLUS PLUS,plusplus.ogg,-1,file missing
numeric,234,early,PACENOTE,ADDITIONAL,RBR,Extended.ini,1,Early,alussa.ogg,-1,
numeric,235,late,PACENOTE,ADDITIONAL,RBR,Extended.ini,1,Late,lopussa.ogg,0.03,
numeric,236,easy,PACENOTE,ADDITIONAL,RBR,Extended.ini,1,Easy,helppo1.ogg,0.01,
numeric,237,much,PACENOTE,ADJECTIVES,RBR,Extended.ini,1,Much,much.ogg,-1,file missing
numeric,238,many,PACENOTE,ADJECTIVES,RBR,Extended.ini,1,Many,many.ogg,-1,file missing
numeric,239,very,PACENOTE,ADJECTIVES,RBR,Extended.ini,1,Very,very.ogg,-1,file missing
numeric,240,hard,PACENOTE,ADDITIONAL,RBR,Extended.ini,2,Hard,paha1.ogg,0.03,
numeric,240,hard,PACENOTE,ADDITIONAL,RBR,Extended.ini,2,Hard,paha2.ogg,0.03,
numeric,241,fast,PACENOTE,ADJECTIVES,RBR,Extended.ini,1,Fast,fast.ogg,-1,file missing
numeric,242,slow,PACENOTE,ADJECTIVES,RBR,Extended.ini,1,Slow,slow.ogg,0.01,file missing
numeric,243,exact,PACENOTE,ADJECTIVES,RBR,Extended.ini,1,Exact,exact.ogg,-1,file missing
numeric,245,directly,PACENOTE,ADJECTIVES,RBR,Extended.ini,1,Directly,directly.ogg,-1,file missing
numeric,246,light,PACENOTE,ADJECTIVES,RBR,Extended.ini,1,Light,light.ogg,-1,file missing
numeric,247,big,PACENOTE,ADJECTIVES,RBR,Extended.ini,1,Big,big.ogg,-1,file missing
numeric,248,small,PACENOTE,ADJECTIVES,RBR,Extended.ini,1,Small,small.ogg,-1,file missing
numeric,249,sharp,PACENOTE,ADDITIONAL,RBR,Extended.ini,2,Sharp,terava1.ogg,0.04,
numeric,249,sharp,PACENOTE,ADDITIONAL,RBR,Extended.ini,2,Sharp,terava2.ogg,0.04,
numeric,250,round,PACENOTE,ADDITIONAL,RBR,Extended.ini,1,Round,pyoree.ogg,0.25,
numeric,251,tight,PACENOTE,ADDITIONAL,RBR,Extended.ini,1,Tight,ahdas.ogg,0.07,
numeric,252,slight,PACENOTE,ADJECTIVES,RBR,Extended.ini,1,Slight,slight.ogg,-1,file missing
numeric,253,good,PACENOTE,ADJECTIVES,RBR,Extended.ini,1,Good,good.ogg,-1,file missing
numeric,254,bad,PACENOTE,ADJECTIVES,RBR,Extended.ini,1,Bad,bad.ogg,-1,file missing
numeric,257,straight,PACENOTE,ADJECTIVES,RBR,Extended.ini,1,Straight,straight.ogg,-1,file missing
numeric,260,uphill,PACENOTE,LINE,RBR,Extended.ini,2,Up,ylos1.ogg,0.01,
numeric,260,uphill,PACENOTE,LINE,RBR,Extended.ini,2,Up,ylos2.ogg,0.01,
numeric,261,downhill,PACENOTE,LINE,RBR,Extended.ini,2,Down,alas1.ogg,0.01,
numeric,261,downhill,PACENOTE,LINE,RBR,Extended.ini,2,Down,alas2.ogg,0.01,
numeric,263,longlong,PACENOTE,ADDITIONAL,RBR,Extended.ini,1,Very Long,tosi_pitka.ogg,0.01,
numeric,264,short,PACENOTE,ADDITIONAL,RBR,Extended.ini,1,Short,lyhyt.ogg,0.36,
numeric,265,shortshort,PACENOTE,ADDITIONAL,RBR,Extended.ini,1,LYHYT LYHYT,shortshort.ogg,-1,file missing
numeric,266,gonarrow,PACENOTE,LINE,RBR,Extended.ini,1,Go Narrow,gonarrow.ogg,-1,file missing
numeric,267,gowide,PACENOTE,LINE,RBR,Extended.ini,1,Go Wide,gowide.ogg,-1,file missing
numeric,268,slippery,PACENOTE,CAUTIONS,RBR,Extended.ini,1,Slippy,liukas.ogg,0.03,
numeric,271,sideways,PACENOTE,LINE,RBR,Extended.ini,1,Sideways,sideways.ogg,-1,file missing
numeric,272,hook,PACENOTE,LINE,RBR,Extended.ini,1,HOOK,hook.ogg,-1,file missing
numeric,274,very_long,PACENOTE,ADDITIONAL,RBR,Extended.ini,1,Very Long,tosi_pitka.ogg,0.11,
numeric,275,very_short,PACENOTE,ADDITIONAL,RBR,Extended.ini,1,TOSI LYHYT,very_short.ogg,-1,file missing
numeric,277,slippy,PACENOTE,CAUTIONS,RBR,Extended.ini,1,,liukas.ogg,0.0,
numeric,294,positive,PACENOTE,ADJECTIVES,RBR,Extended.ini,1,Positive,positive.ogg,-1,file missing
numeric,295,negative,PACENOTE,ADJECTIVES,RBR,Extended.ini,1,Negative,negative.ogg,-1,file missing
numeric,298,opens,PACENOTE,ADJECTIVES,RBR,Extended.ini,1,Opens,aukee1.ogg,0.22,
numeric,299,fakes,PACENOTE,CAUTIONS,RBR,Extended.ini,1,Deceptive,hamaa.ogg,0.02,
numeric,300,bumps,PACENOTE,OBSTACLES,RBR,Extended.ini,2,Bumps,pomppuja1.ogg,0.0,
numeric,300,bumps,PACENOTE,OBSTACLES,RBR,Extended.ini,2,Bumps,pomppuja2.ogg,0.0,
numeric,301,hidden,PACENOTE,CAUTIONS,RBR,Extended.ini,1,HIDDEN,hidden.ogg,-1,file missing
numeric,302,blind,PACENOTE,CAUTIONS,RBR,Extended.ini,1,BLIND,blind.ogg,-1,file missing
numeric,303,double_caution,PACENOTE,CAUTIONS,RBR,Extended.ini,1,Danger,huomio_huomio.ogg,0.21,
numeric,304,triple_caution,PACENOTE,CAUTIONS,RBR,Extended.ini,1,TRIPLE CAUTION,huomio_huomio.ogg,0.0,
numeric,320,gravel,PACENOTE,SURFACE,RBR,Extended.ini,1,Gravel,soralle.ogg,-1,
numeric,321,tarmac,PACENOTE,SURFACE,RBR,Extended.ini,1,Tarmac,asfaltille.ogg,-1,
numeric,322,concrete,PACENOTE,SURFACE,RBR,Extended.ini,1,Concrete,betonille.ogg,-1,
numeric,323,cobbles,PACENOTE,SURFACE,RBR,Extended.ini,1,Cobbles,cobbles.ogg,-1,file missing
numeric,324,grit,PACENOTE,SURFACE,RBR,Extended.ini,1,Grit,grit.ogg,-1,file missing
numeric,325,snow,PACENOTE,SURFACE,RBR,Extended.ini,1,Snow,lumelle.ogg,-1,
numeric,326,onsplit,PACENOTE,SURFACE,RBR,Extended.ini,1,Split,onsplit.ogg,-1,file missing
numeric,327,icy,PACENOTE,SURFACE,RBR,Extended.ini,1,Icy,icy.ogg,-1,file missing
numeric,328,rubble,PACENOTE,SURFACE,RBR,Extended.ini,1,Rubble,rubble.ogg,-1,file missing
numeric,329,ice,PACENOTE,SURFACE,RBR,Extended.ini,1,Ice,jaalle.ogg,-1,file missing
numeric,330,loose_gravel,PACENOTE,SURFACE,RBR,Extended.ini,1,Loose Gravel,loose_gravel.ogg,-1,file missing
numeric,340,crest,PACENOTE,OBSTACLES,RBR,Extended.ini,1,Crest,nyppy.ogg,0.0,
numeric,344,hole,PACENOTE,CAUTIONS,RBR,Extended.ini,1,HOLE,hole.ogg,-1,file missing
numeric,344,hole,PACENOTE,OBSTACLES,RBR,Extended.ini,2,Hole,reika1.ogg,-1,
numeric,344,hole,PACENOTE,OBSTACLES,RBR,Extended.ini,2,Hole,reika2.ogg,-1,
numeric,345,ruts,PACENOTE,CAUTIONS,RBR,Extended.ini,1,Ruts,urat.ogg,0.04,
numeric,346,deepruts,PACENOTE,CAUTIONS,RBR,Extended.ini,1,DEEP RUTS,urat.ogg,-1,
numeric,347,border,PACENOTE,CAUTIONS,RBR,Extended.ini,1,BORDER,border.ogg,-1,file missing
numeric,348,edge,PACENOTE,CAUTIONS,RBR,Extended.ini,1,EDGE,edge.ogg,-1,file missing
numeric,349,curb,PACENOTE,CAUTIONS,RBR,Extended.ini,1,CURB,curb.ogg,-1,file missing
numeric,350,ditch,PACENOTE,CAUTIONS,RBR,Extended.ini,1,DITCH,ditch.ogg,-1,file missing
numeric,351,junction,PACENOTE,LINE,RBR,Extended.ini,2,Junction,risteys1.ogg,0.04,
numeric,351,junction,PACENOTE,LINE,RBR,Extended.ini,2,Junction,risteys2.ogg,0.04,
numeric,354,steep_drop,PACENOTE,CAUTIONS,RBR,Extended.ini,1,STEEP DROP,steep_drop.ogg,-1,file missing
numeric,356,shoulder,PACENOTE,CAUTIONS,RBR,Extended.ini,1,SHOULDER,shoulder.ogg,-1,file missing
numeric,357,steep_hill,PACENOTE,CAUTIONS,RBR,Extended.ini,1,STEEP HILL,steep_hill.ogg,-1,file missing
numeric,358,steep_incline,PACENOTE,CAUTIONS,RBR,Extended.ini,1,STEEP INCLINE,steep_incline.ogg,-1,file missing
numeric,359,steep_slope,PACENOTE,CAUTIONS,RBR,Extended.ini,1,STEEP SLOPE,steep_slope.ogg,-1,file missing
numeric,361,dip,PACENOTE,OBSTACLES,RBR,Extended.ini,1,Dip,notko.ogg,0.0,
numeric,373,tree,PACENOTE,OBSTACLES,RBR,Extended.ini,1,PUU,tree.ogg,-1,file missing
numeric,374,stump,PACENOTE,OBSTACLES,RBR,Extended.ini,1,KANTO,stump.ogg,-1,file missing
numeric,379,stone,PACENOTE,OBSTACLES,RBR,Extended.ini,1,KIVI,stone.ogg,-1,file missing
numeric,380,rock,PACENOTE,OBSTACLES,RBR,Extended.ini,1,KIVI,rock.ogg,-1,file missing
numeric,381,tunnel,PACENOTE,OBSTACLES,RBR,Extended.ini,1,Tunnel,tunneli.ogg,0.01,
numeric,384,rails,PACENOTE,OBSTACLES,RBR,Extended.ini,1,Rails,raiteet.ogg,0.0,
numeric,385,sign,PACENOTE,OBSTACLES,RBR,Extended.ini,1,KYLTTI,sign.ogg,-1,file missing
numeric,386,bush,PACENOTE,OBSTACLES,RBR,Extended.ini,1,PUSKA,bush.ogg,-1,file missing
numeric,388,water,PACENOTE,OBSTACLES,RBR,Extended.ini,1,VETTÄ,vetta.ogg,-1,
numeric,389,puddle,PACENOTE,OBSTACLES,RBR,Extended.ini,1,LÄTÄKKÖ,vetta.ogg,-1,
numeric,390,netting,PACENOTE,OBSTACLES,RBR,Extended.ini,1,VERKKO,netting.ogg,-1,file missing
numeric,391,tape,PACENOTE,OBSTACLES,RBR,Extended.ini,1,TEIPPI,tape.ogg,-1,file missing
numeric,392,left_entry_chicane,PACENOTE,LINE,RBR,Extended.ini,1,Left Entry Chicane,shikaani_vasemmalta.ogg,0.05,
numeric,393,right_entry_chicane,PACENOTE,LINE,RBR,Extended.ini,1,Right Entry Chicane,shikaani_oikeelta.ogg,0.04,
numeric,394,tyres,PACENOTE,OBSTACLES,RBR,Extended.ini,1,RENKAITA,tyres.ogg,-1,file missing
numeric,395,spectators,PACENOTE,OBSTACLES,RBR,Extended.ini,1,KATSOJIA,spectators.ogg,-1,file missing
numeric,396,marshalls,PACENOTE,OBSTACLES,RBR,Extended.ini,1,JÄRJESTYKSENVALVOJIA,marshalls.ogg,-1,file missing
numeric,397,barrels,PACENOTE,OBSTACLES,RBR,Extended.ini,1,TYNNYRIT,barrels.ogg,-1,file missing
numeric,411,inside,PACENOTE,ADDITIONAL,RBR,Extended.ini,1,Inside,sisalla.ogg,0.01,
numeric,412,outside,PACENOTE,ADDITIONAL,RBR,Extended.ini,1,Outside,ulkona.ogg,-1,
numeric,430,done,PACENOTE,LINKS,RBR,Extended.ini,1,Done,done.ogg,-1,file missing
numeric,431,stop,PACENOTE,LINKS,RBR,Extended.ini,1,Stop,stop.ogg,-1,file missing
numeric,432,line,PACENOTE,LINE,RBR,Extended.ini,1,Line,line.ogg,0.0,file missing
numeric,540,onto_gravel,PACENOTE,SURFACE,RBR,Extended.ini,1,On Gravel,soralle.ogg,0.04,
numeric,541,onto_tarmac,PACENOTE,SURFACE,RBR,Extended.ini,1,On Tarmac,asfaltille.ogg,0.02,
numeric,542,onto_concrete,PACENOTE,SURFACE,RBR,Extended.ini,1,On Concrete,betonille.ogg,-1,
numeric,543,onto_cobbles,PACENOTE,SURFACE,RBR,Extended.ini,1,Onto Cobbles,onto_cobbles.ogg,-1,file missing
numeric,544,onto_grit,PACENOTE,SURFACE,RBR,Extended.ini,1,Onto Grit,onto_grit.ogg,-1,file missing
numeric,545,onto_snow,PACENOTE,SURFACE,RBR,Extended.ini,1,On Snow,lumelle.ogg,0.01,
numeric,549,hold,PACENOTE,LINE,RBR,Extended.ini,2,Hold,pida1.ogg,0.08,
numeric,549,hold,PACENOTE,LINE,RBR,Extended.ini,2,Hold,pida2.ogg,0.08,
numeric,551,l_foot_braking,PACENOTE,ADDITIONAL,RBR,Extended.ini,1,Tie,sido.ogg,0.08,
numeric,555,to_sight_distance,PACENOTE,LINE,RBR,Extended.ini,1,To Sight Distance,to_sight_distance.ogg,-1,file missing
numeric,556,split_time,PACENOTE,LINKS,RBR,Extended.ini,1,Split Time,split_time.ogg,-1,file missing
numeric,557,entry,PACENOTE,LINE,RBR,Extended.ini,1,Entry,entry.ogg,-1,file missing
numeric,2001,tightenstosix,PACENOTE,ADJECTIVES,RBR,Extended.ini,1,Tightens 6,kirraa_kuueks.ogg,-1,
numeric,2002,tightenstofive,PACENOTE,ADJECTIVES,RBR,Extended.ini,1,Tightens 5,kirraa_viieks.ogg,0.01,
numeric,2003,tightenstofour,PACENOTE,ADJECTIVES,RBR,Extended.ini,1,Tightens 4,kirraa_neljaks.ogg,0.09,
numeric,2004,tightenstothree,PACENOTE,ADJECTIVES,RBR,Extended.ini,1,Tightens 3,kirraa_kolmeks.ogg,0.22,
numeric,2005,tightenstotwo,PACENOTE,ADJECTIVES,RBR,Extended.ini,1,Tightens 2,kirraa_kaheks.ogg,0.2,
numeric,2006,tightenstoone,PACENOTE,ADJECTIVES,RBR,Extended.ini,1,Tightens 1,kirraa_yheks.ogg,0.11,
numeric,2007,tightenstoacute,PACENOTE,ADJECTIVES,RBR,Extended.ini,1,Tightens HP,kirraa_tiukaks.ogg,0.02,
numeric,2008,tosix,PACENOTE,ADJECTIVES,RBR,Extended.ini,1,6,_kuueks.ogg,0.0,
numeric,2009,tofive,PACENOTE,ADJECTIVES,RBR,Extended.ini,1,5,_viieks.ogg,0.01,
numeric,2010,tofour,PACENOTE,ADJECTIVES,RBR,Extended.ini,1,4,_neljaks.ogg,0.02,
numeric,2011,tothree,PACENOTE,ADJECTIVES,RBR,Extended.ini,1,3,_kolmeks.ogg,0.04,
numeric,2012,totwo,PACENOTE,ADJECTIVES,RBR,Extended.ini,1,2,_kaheks.ogg,0.03,
numeric,2013,toone,PACENOTE,ADJECTIVES,RBR,Extended.ini,1,1,_yheks.ogg,0.01,
numeric,2014,toacute,PACENOTE,ADJECTIVES,RBR,Extended.ini,1,HP,_tiukaks.ogg,0.0,
numeric,2015,tightenslate,PACENOTE,ADJECTIVES,RBR,Extended.ini,1,Tightens Late,kirraa_lopussa.ogg,0.21,
numeric,2016,dontcutearly,PACENOTE,LINE,RBR,Extended.ini,1,Don't Cut Early,ala_alussa.ogg,0.0,
numeric,2017,dontcutlate,PACENOTE,LINE,RBR,Extended.ini,1,Don't Cut Late,ala_lopussa.ogg,0.05,
numeric,2018,openstightens,PACENOTE,ADJECTIVES,RBR,Extended.ini,1,Opens Tightens,aukee_kirraa.ogg,0.17,
numeric,2019,tightensopens,PACENOTE,ADJECTIVES,RBR,Extended.ini,1,Tightens Opens,kirraa_aukee.ogg,0.03,
numeric,2020,roiku,PACENOTE,LINE,RBR,Extended.ini,1,Hang,roiku.ogg,0.01,
numeric,2021,carein,PACENOTE,CAUTIONS,RBR,Extended.ini,1,Care In,varo_sisalla.ogg,0.08,
numeric,2022,careout,PACENOTE,CAUTIONS,RBR,Extended.ini,1,Care Out,varo_ulkona.ogg,0.05,
numeric,2023,hae,PACENOTE,LINE,RBR,Extended.ini,2,Line,hae1.ogg,0.04,
numeric,2023,hae,PACENOTE,LINE,RBR,Extended.ini,2,Line,hae2.ogg,0.04,
numeric,2024,todip,PACENOTE,OBSTACLES,RBR,Extended.ini,1,TODIP,notko.ogg,0.03,
numeric,2029,continuesovercrest,PACENOTE,OBSTACLES,RBR,Extended.ini,1,Continues Over Crest,jatkuu_yli_nypyn.ogg,-1,
numeric,2030,immediate,PACENOTE,LINKS,RBR,Extended.ini,2,Immediate,heti1.ogg,-1,
numeric,2030,immediate,PACENOTE,LINKS,RBR,Extended.ini,2,Immediate,heti2.ogg,-1,
numeric,2100,vasemmalta,PACENOTE,LINE,RBR,Extended.ini,1,Keep Left,vasen_laita.ogg,0.02,
numeric,2101,oikeelta,PACENOTE,LINE,RBR,Extended.ini,1,Keep Right,oikee_laita.ogg,0.03,
numeric,2102,double,PACENOTE,ADDITIONAL,RBR,Extended.ini,3,Double,tupla1.ogg,0.0,
numeric,2102,double,PACENOTE,ADDITIONAL,RBR,Extended.ini,3,Double,tupla2.ogg,0.0,
numeric,2102,double,PACENOTE,ADDITIONAL,RBR,Extended.ini,3,Double,tupla3.ogg,0.0,
numeric,2103,half_long,PACENOTE,ADDITIONAL,RBR,Extended.ini,1,Half Long,puolipitka1.ogg,0.3,
numeric,2105,to_finish,PACENOTE,LINKS,RBR,Extended.ini,1,To Finish,maaliin1.ogg,0.05,
numeric,2106,jump_flat,PACENOTE,OBSTACLES,RBR,Extended.ini,2,Jump Flat,hyppytays1.ogg,-1,
numeric,2106,jump_flat,PACENOTE,OBSTACLES,RBR,Extended.ini,2,Jump Flat,hyppytays2.ogg,-1,
numeric,2107,jump_bind,PACENOTE,OBSTACLES,RBR,Extended.ini,2,Jump Tie,hyppysido1.ogg,0.08,
numeric,2107,jump_bind,PACENOTE,OBSTACLES,RBR,Extended.ini,2,Jump Tie,hyppysido2.ogg,0.08,
numeric,2108,over_jump,PACENOTE,OBSTACLES,RBR,Extended.ini,2,Over Jump,hypynyli1.ogg,0.02,
numeric,2108,over_jump,PACENOTE,OBSTACLES,RBR,Extended.ini,2,Over Jump,hypynyli2.ogg,0.02,
numeric,2109,small_crest,PACENOTE,OBSTACLES,RBR,Extended.ini,2,Small Crest,pikkunyppy1.ogg,0.01,
numeric,2109,small_crest,PACENOTE,OBSTACLES,RBR,Extended.ini,2,Small Crest,pikkunyppy2.ogg,0.01,
reversed,-1,100,RANGE,EXTENDED,RBR,Extended.ini,1,100,100_1.ogg,-1,
reversed,-1,1000,RANGE,EXTENDED,RBR,Extended.ini,1,1000,1000.ogg,-1,
reversed,-1,120,RANGE,EXTENDED,RBR,Extended.ini,1,120,120_1.ogg,-1,
reversed,-1,140,RANGE,EXTENDED,RBR,Extended.ini,1,140,140_1.ogg,-1,
reversed,-1,150,RANGE,EXTENDED,RBR,Extended.ini,1,150,150_1.ogg,-1,
reversed,-1,160,RANGE,EXTENDED,RBR,Extended.ini,1,160,160_1.ogg,-1,
reversed,-1,180,RANGE,EXTENDED,RBR,Extended.ini,1,180,180_1.ogg,-1,
reversed,-1,200,RANGE,EXTENDED,RBR,Extended.ini,1,200,200_1.ogg,-1,
reversed,-1,250,RANGE,EXTENDED,RBR,Extended.ini,1,250,250_1.ogg,-1,
reversed,-1,30,RANGE,EXTENDED,RBR,Extended.ini,1,30,30_1.ogg,-1,
reversed,-1,300,RANGE,EXTENDED,RBR,Extended.ini,1,300,300_1.ogg,-1,
reversed,-1,350,RANGE,EXTENDED,RBR,Extended.ini,1,350,350_1.ogg,-1,
reversed,-1,40,RANGE,EXTENDED,RBR,Extended.ini,1,40,40_1.ogg,-1,
reversed,-1,400,RANGE,EXTENDED,RBR,Extended.ini,1,400,400_1.ogg,-1,
reversed,-1,450,RANGE,EXTENDED,RBR,Extended.ini,1,450,450_1.ogg,-1,
reversed,-1,50,RANGE,EXTENDED,RBR,Extended.ini,1,50,50_1.ogg,-1,
reversed,-1,500,RANGE,EXTENDED,RBR,Extended.ini,1,500,500_1.ogg,-1,
reversed,-1,60,RANGE,EXTENDED,RBR,Extended.ini,1,60,60_1.ogg,-1,
reversed,-1,600,RANGE,EXTENDED,RBR,Extended.ini,1,600,600.ogg,-1,
reversed,-1,70,RANGE,EXTENDED,RBR,Extended.ini,1,70,70_1.ogg,-1,
reversed,-1,700,RANGE,EXTENDED,RBR,Extended.ini,1,700,700.ogg,-1,
reversed,-1,80,RANGE,EXTENDED,RBR,Extended.ini,1,80,80_1.ogg,-1,
reversed,-1,800,RANGE,EXTENDED,RBR,Extended.ini,1,800,800.ogg,-1,
reversed,-1,900,RANGE,EXTENDED,RBR,Extended.ini,1,900,900.ogg,-1,
reversed,-1,and,PACENOTE,LINKS,RBR,Extended.ini,2,And,jatkuu1.ogg,-1,
reversed,-1,and,PACENOTE,LINKS,RBR,Extended.ini,2,And,jatkuu2.ogg,-1,
reversed,-1,caution_water,PACENOTE,CAUTIONS,RBR,Extended.ini,1,Caution Water,huomio_vetta.ogg,-1,
reversed,-1,cut,PACENOTE,MODIFIER,RBR,Extended.ini,1,Cut,sisalta.ogg,-1,
reversed,-1,dontcut,PACENOTE,MODIFIER,RBR,Extended.ini,1,Don't Cut,ala.ogg,-1,
reversed,-1,into,PACENOTE,LINKS,RBR,Extended.ini,2,Into,into1.ogg,-1,
reversed,-1,into,PACENOTE,LINKS,RBR,Extended.ini,2,Into,into2.ogg,-1,
reversed,-1,long,PACENOTE,MODIFIER,RBR,Extended.ini,1,Long,pitka.ogg,-1,
reversed,-1,maybe,PACENOTE,ADDITIONAL,RBR,Extended.ini,1,Maybe,ehka1.ogg,-1,
reversed,-1,maybe,PACENOTE,ADDITIONAL,RBR,Extended.ini,1,Maybe,ehka2.ogg,-1,
reversed,-1,maybe,PACENOTE,MODIFIER,RBR,Extended.ini,1,Maybe,ehka1.ogg,-1,
reversed,-1,narrows,PACENOTE,MODIFIER,RBR,Extended.ini,1,Narrows,sumppu.ogg,-1,
reversed,-1,onto,PACENOTE,LINKS,RBR,Extended.ini,1,Onto,onto.ogg,-1,
reversed,-1,tightens,PACENOTE,MODIFIER,RBR,Extended.ini,1,Tightens,kirraa1.ogg,-1,
reversed,-1,tightensbad,PACENOTE,ADJECTIVES,RBR,Extended.ini,2,Tightens Bad,kirraa_kirraa.ogg,-1,
reversed,-1,tightensbad,PACENOTE,ADJECTIVES,RBR,Extended.ini,2,Tightens Bad,kirraa_kirraa_2.ogg,-1,
reversed,-1,tightensbad,PACENOTE,MODIFIER,RBR,Extended.ini,2,Double Tightens,kirraa_kirraa.ogg,-1,
reversed,-1,tightensbad,PACENOTE,MODIFIER,RBR,Extended.ini,2,Double Tightens,kirraa_kirraa_2.ogg,-1,
reversed,-1,wideout,PACENOTE,MODIFIER,RBR,Extended.ini,1,Widens,levenee.ogg,-1,
reversed,0,one_left,PACENOTE,CORNERS,RBR,Numeric.ini,2,Left HP,vasen_tiukka1.ogg,0.63,
reversed,0,one_left,PACENOTE,CORNERS,RBR,Numeric.ini,2,Left HP,vasen_tiukka2.ogg,0.63,
reversed,1,square_left,PACENOTE,CORNERS,RBR,Numeric.ini,2,Left 2,vasen_kaks1.ogg,0.74,
reversed,1,square_left,PACENOTE,CORNERS,RBR,Numeric.ini,2,Left 2,vasen_kaks2.ogg,0.74,
reversed,2,three_left,PACENOTE,CORNERS,RBR,Numeric.ini,2,Left 3,vasen_kolme1.ogg,0.88,
reversed,2,three_left,PACENOTE,CORNERS,RBR,Numeric.ini,2,Left 3,vasen_kolme2.ogg,0.88,
reversed,3,four_left,PACENOTE,CORNERS,RBR,Numeric.ini,2,Left 4,vasen_nelja1.ogg,0.94,
reversed,3,four_left,PACENOTE,CORNERS,RBR,Numeric.ini,2,Left 4,vasen_nelja2.ogg,0.94,
reversed,4,five_left,PACENOTE,CORNERS,RBR,Numeric.ini,2,Left 5,vasen_viis1.ogg,0.93,
reversed,4,five_left,PACENOTE,CORNERS,RBR,Numeric.ini,2,Left 5,vasen_viis2.ogg,0.93,
reversed,5,six_left,PACENOTE,CORNERS,RBR,Numeric.ini,3,Left 6,vasen_kuus1.ogg,0.87,
reversed,5,six_left,PACENOTE,CORNERS,RBR,Numeric.ini,3,Left 6,vasen_kuus2.ogg,0.87,
reversed,5,six_left,PACENOTE,CORNERS,RBR,Numeric.ini,3,Left 6,vasen_kuus3.ogg,0.87,
reversed,6,six_right,PACENOTE,CORNERS,RBR,Numeric.ini,2,Right 6,oikee_kuus1.ogg,0.88,
reversed,6,six_right,PACENOTE,CORNERS,RBR,Numeric.ini,2,Right 6,oikee_kuus2.ogg,0.88,
reversed,7,five_right,PACENOTE,CORNERS,RBR,Numeric.ini,2,Right 5,oikee_viis1.ogg,0.94,
reversed,7,five_right,PACENOTE,CORNERS,RBR,Numeric.ini,2,Right 5,oikee_viis2.ogg,0.94,
reversed,8,four_right,PACENOTE,CORNERS,RBR,Numeric.ini,2,Right 4,oikee_nelja1.ogg,0.94,
reversed,8,four_right,PACENOTE,CORNERS,RBR,Numeric.ini,2,Right 4,oikee_nelja2.ogg,0.94,
reversed,9,three_right,PACENOTE,CORNERS,RBR,Numeric.ini,2,Right 3,oikee_kolme1.ogg,0.86,
reversed,9,three_right,PACENOTE,CORNERS,RBR,Numeric.ini,2,Right 3,oikee_kolme2.ogg,0.86,
reversed,10,square_right,PACENOTE,CORNERS,RBR,Numeric.ini,2,Right 2,oikee_kaks1.ogg,0.73,
reversed,10,square_right,PACENOTE,CORNERS,RBR,Numeric.ini,2,Right 2,oikee_kaks2.ogg,0.73,
reversed,11,one_right,PACENOTE,CORNERS,RBR,Numeric.ini,2,Right HP,oikee_tiukka1.ogg,0.6,
reversed,11,one_right,PACENOTE,CORNERS,RBR,Numeric.ini,2,Right HP,oikee_tiukka2.ogg,0.6,
reversed,12,twisty,PACENOTE,LINE,RBR,Extended.ini,1,Twisty,suoraksi.ogg,0.32,
reversed,14,narrows,PACENOTE,ADDITIONAL,RBR,Extended.ini,1,Narrows,sumppu.ogg,0.32,
reversed,15,wideout,PACENOTE,ADDITIONAL,RBR,Extended.ini,1,Widens,levenee.ogg,0.09,
reversed,16,overcrest,PACENOTE,OBSTACLES,RBR,Extended.ini,1,Over Crest,yli_nypyn.ogg,0.82,
reversed,17,ford,PACENOTE,OBSTACLES,RBR,Extended.ini,1,Water,vetta.ogg,0.1,
reversed,18,care,PACENOTE,CAUTIONS,RBR,Extended.ini,1,Care,varo1.ogg,0.49,
reversed,19,bump,PACENOTE,OBSTACLES,RBR,Extended.ini,1,Bump,pomppu.ogg,0.53,
reversed,20,jump,PACENOTE,OBSTACLES,RBR,Extended.ini,2,Jump,hyppy1.ogg,0.54,
reversed,20,jump,PACENOTE,OBSTACLES,RBR,Extended.ini,2,Jump,hyppy2.ogg,0.54,
reversed,22,finish,PACENOTE,LINKS,RBR,Extended.ini,1,Finish,maali.ogg,1.0,
reversed,25,flat_right,PACENOTE,CORNERS,RBR,Numeric.ini,2,Right Flat,oikee_tays1.ogg,0.59,
reversed,25,flat_right,PACENOTE,CORNERS,RBR,Numeric.ini,2,Right Flat,oikee_tays2.ogg,0.59,
reversed,26,flat_left,PACENOTE,CORNERS,RBR,Numeric.ini,2,Left Flat,vasen_tays1.ogg,0.59,
reversed,26,flat_left,PACENOTE,CORNERS,RBR,Numeric.ini,2,Left Flat,vasen_tays2.ogg,0.59,
reversed,27,bridge,PACENOTE,OBSTACLES,RBR,Extended.ini,1,Bridge,silta.ogg,0.34,
reversed,28,gostraight,PACENOTE,LINE,RBR,Extended.ini,1,Go Straight,suoraan.ogg,0.23,
reversed,29,keepright,PACENOTE,LINE,RBR,Extended.ini,1,Keep Right,oikee_laita.ogg,0.46,
reversed,30,keepleft,PACENOTE,LINE,RBR,Extended.ini,1,Keep Left,vasen_laita.ogg,0.44,
reversed,31,keepmiddle,PACENOTE,LINE,RBR,Extended.ini,2,Keep Middle,keskelta1.ogg,0.45,
reversed,31,keepmiddle,PACENOTE,LINE,RBR,Extended.ini,2,Keep Middle,keskelta2.ogg,0.45,
reversed,32,caution,PACENOTE,CAUTIONS,RBR,Extended.ini,1,Caution,huomio.ogg,0.56,
reversed,102,two_left,PACENOTE,CORNERS,RBR,Numeric.ini,2,Left 1,vasen_yks1.ogg,0.02,
reversed,102,two_left,PACENOTE,CORNERS,RBR,Numeric.ini,2,Left 1,vasen_yks2.ogg,0.02,
reversed,112,two_right,PACENOTE,CORNERS,RBR,Numeric.ini,2,Right 1,oikee_yks1.ogg,0.02,
reversed,112,two_right,PACENOTE,CORNERS,RBR,Numeric.ini,2,Right 1,oikee_yks2.ogg,0.02,
reversed,120,left,PACENOTE,CORNERS,RBR,Numeric.ini,1,Left,left.ogg,-1,file missing
reversed,121,right,PACENOTE,CORNERS,RBR,Numeric.ini,1,Right,right.ogg,-1,file missing
reversed,122,right_into,PACENOTE,CORNERS,RBR,Numeric.ini,1,Right Into,right_into.ogg,-1,file missing
reversed,123,left_into,PACENOTE,CORNERS,RBR,Numeric.ini,1,Left Into,left_into.ogg,-1,file missing
reversed,124,right_left,PACENOTE,CORNERS,RBR,Numeric.ini,1,Right-Left,right_left.ogg,-1,file missing
reversed,125,left_right,PACENOTE,CORNERS,RBR,Numeric.ini,1,Left-Right,left_right.ogg,-1,file missing
reversed,126,right_around,PACENOTE,CORNERS,RBR,Numeric.ini,1,Right Around,right_around.ogg,-1,file missing
reversed,127,left_around,PACENOTE,CORNERS,RBR,Numeric.ini,1,Left Around,left_around.ogg,-1,file missing
reversed,200,over_bridge,PACENOTE,OBSTACLES,RBR,Extended.ini,1,SILLAN YLI,silta.ogg,0.0,
reversed,201,over_rails,PACENOTE,OBSTACLES,RBR,Extended.ini,1,RAITEIDEN YLI,raiteet.ogg,-1,
reversed,202,over_railway,PACENOTE,OBSTACLES,RBR,Extended.ini,1,RAITEIDEN YLI,raiteet.ogg,-1,
reversed,211,deepcut,PACENOTE,LINE,RBR,Extended.ini,1,DEEP CUT,deepcut.ogg,0.0,file missing
reversed,212,fullcut,PACENOTE,LINE,RBR,Extended.ini,1,Full Cut,leikkaa.ogg,0.0,
reversed,213,keep_centre,PACENOTE,LINE,RBR,Extended.ini,1,Keep Centre,keskelta.ogg,0.0,file missing
reversed,217,brake,PACENOTE,CAUTIONS,RBR,Extended.ini,2,Brake,jarru1.ogg,0.18,
reversed,217,brake,PACENOTE,CAUTIONS,RBR,Extended.ini,2,Brake,jarru2.ogg,0.18,
reversed,218,light_cut,PACENOTE,LINE,RBR,Extended.ini,1,LIGHTCUT,light_cut.ogg,0.0,file missing
reversed,220,keep_in,PACENOTE,LINE,RBR,Extended.ini,1,Keep In,pida1.ogg,0.01,
reversed,220,keep_in,PACENOTE,LINE,RBR,Extended.ini,1,Keep In,pida2.ogg,0.01,
reversed,221,keep_out,PACENOTE,LINE,RBR,Extended.ini,1,Keep Out,ulkoo.ogg,-1,
reversed,223,clip,PACENOTE,LINE,RBR,Extended.ini,1,Clip,clip.ogg,-1,file missing
reversed,230,minus,PACENOTE,ADDITIONAL,RBR,Extended.ini,1,Minus,miinus.ogg,0.08,
reversed,231,minusminus,PACENOTE,ADDITIONAL,RBR,Extended.ini,1,MIINUS MIINUS,minusminus.ogg,-1,file missing
reversed,232,plus,PACENOTE,ADDITIONAL,RBR,Extended.ini,1,Plus,plus.ogg,0.04,
reversed,233,plusplus,PACENOTE,ADDITIONAL,RBR,Extended.ini,1,PLUS PLUS,plusplus.ogg,-1,file missing
reversed,234,early,PACENOTE,ADDITIONAL,RBR,Extended.ini,1,Early,alussa.ogg,-1,
reversed,235,late,PACENOTE,ADDITIONAL,RBR,Extended.ini,1,Late,lopussa.ogg,0.03,
reversed,236,easy,PACENOTE,ADDITIONAL,RBR,Extended.ini,1,Easy,helppo1.ogg,0.01,
reversed,237,much,PACENOTE,ADJECTIVES,RBR,Extended.ini,1,Much,much.ogg,-1,file missing
reversed,238,many,PACENOTE,ADJECTIVES,RBR,Extended.ini,1,Many,many.ogg,-1,file missing
reversed,239,very,PACENOTE,ADJECTIVES,RBR,Extended.ini,1,Very,very.ogg,-1,file missing
reversed,240,hard,PACENOTE,ADDITIONAL,RBR,Extended.ini,2,Hard,paha1.ogg,0.03,
reversed,240,hard,PACENOTE,ADDITIONAL,RBR,Extended.ini,2,Hard,paha2.ogg,0.03,
reversed,241,fast,PACENOTE,ADJECTIVES,RBR,Extended.ini,1,Fast,fast.ogg,-1,file missing
reversed,242,slow,PACENOTE,ADJECTIVES,RBR,Extended.ini,1,Slow,slow.ogg,0.01,file missing
reversed,243,exact,PACENOTE,ADJECTIVES,RBR,Extended.ini,1,Exact,exact.ogg,-1,file missing
reversed,245,directly,PACENOTE,ADJECTIVES,RBR,Extended.ini,1,Directly,directly.ogg,-1,file missing
reversed,246,light,PACENOTE,ADJECTIVES,RBR,Extended.ini,1,Light,light.ogg,-1,file missing
reversed,247,big,PACENOTE,ADJECTIVES,RBR,Extended.ini,1,Big,big.ogg,-1,file missing
reversed,248,small,PACENOTE,ADJECTIVES,RBR,Extended.ini,1,Small,small.ogg,-1,file missing
reversed,249,sharp,PACENOTE,ADDITIONAL,RBR,Extended.ini,2,Sharp,terava1.ogg,0.04,
reversed,249,sharp,PACENOTE,ADDITIONAL,RBR,Extended.ini,2,Sharp,terava2.ogg,0.04,
reversed,250,round,PACENOTE,ADDITIONAL,RBR,Extended.ini,1,Round,pyoree.ogg,0.25,
reversed,251,tight,PACENOTE,ADDITIONAL,RBR,Extended.ini,1,Tight,ahdas.ogg,0.07,
reversed,252,slight,PACENOTE,ADJECTIVES,RBR,Extended.ini,1,Slight,slight.ogg,-1,file missing
reversed,253,good,PACENOTE,ADJECTIVES,RBR,Extended.ini,1,Good,good.ogg,-1,file missing
reversed,254,bad,PACENOTE,ADJECTIVES,RBR,Extended.ini,1,Bad,bad.ogg,-1,file missing
reversed,257,straight,PACENOTE,ADJECTIVES,RBR,Extended.ini,1,Straight,straight.ogg,-1,file missing
reversed,260,uphill,PACENOTE,LINE,RBR,Extended.ini,2,Up,ylos1.ogg,0.01,
reversed,260,uphill,PACENOTE,LINE,RBR,Extended.ini,2,Up,ylos2.ogg,0.01,
reversed,261,downhill,PACENOTE,LINE,RBR,Extended.ini,2,Down,alas1.ogg,0.01,
reversed,261,downhill,PACENOTE,LINE,RBR,Extended.ini,2,Down,alas2.ogg,0.01,
reversed,263,longlong,PACENOTE,ADDITIONAL,RBR,Extended.ini,1,Very Long,tosi_pitka.ogg,0.01,
reversed,264,short,PACENOTE,ADDITIONAL,RBR,Extended.ini,1,Short,lyhyt.ogg,0.36,
reversed,265,shortshort,PACENOTE,ADDITIONAL,RBR,Extended.ini,1,LYHYT LYHYT,shortshort.ogg,-1,file missing
reversed,266,gonarrow,PACENOTE,LINE,RBR,Extended.ini,1,Go Narrow,gonarrow.ogg,-1,file missing
reversed,267,gowide,PACENOTE,LINE,RBR,Extended.ini,1,Go Wide,gowide.ogg,-1,file missing
reversed,268,slippery,PACENOTE,CAUTIONS,RBR,Extended.ini,1,Slippy,liukas.ogg,0.03,
reversed,271,sideways,PACENOTE,LINE,RBR,Extended.ini,1,Sideways,sideways.ogg,-1,file missing
reversed,272,hook,PACENOTE,LINE,RBR,Extended.ini,1,HOOK,hook.ogg,-1,file missing
reversed,274,very_long,PACENOTE,ADDITIONAL,RBR,Extended.ini,1,Very Long,tosi_pitka.ogg,0.11,
reversed,275,very_short,PACENOTE,ADDITIONAL,RBR,Extended.ini,1,TOSI LYHYT,very_short.ogg,-1,file missing
reversed,277,slippy,PACENOTE,CAUTIONS,RBR,Extended.ini,1,,liukas.ogg,0.0,
reversed,294,positive,PACENOTE,ADJECTIVES,RBR,Extended.ini,1,Positive,positive.ogg,-1,file missing
reversed,295,negative,PACENOTE,ADJECTIVES,RBR,Extended.ini,1,Negative,negative.ogg,-1,file missing
reversed,298,opens,PACENOTE,ADJECTIVES,RBR,Extended.ini,1,Opens,aukee1.ogg,0.22,
reversed,299,fakes,PACENOTE,CAUTIONS,RBR,Extended.ini,1,Deceptive,hamaa.ogg,0.02,
reversed,300,bumps,PACENOTE,OBSTACLES,RBR,Extended.ini,2,Bumps,pomppuja1.ogg,0.0,
reversed,300,bumps,PACENOTE,OBSTACLES,RBR,Extended.ini,2,Bumps,pomppuja2.ogg,0.0,
reversed,301,hidden,PACENOTE,CAUTIONS,RBR,Extended.ini,1,HIDDEN,hidden.ogg,-1,file missing
reversed,302,blind,PACENOTE,CAUTIONS,RBR,Extended.ini,1,BLIND,blind.ogg,-1,file missing
reversed,303,double_caution,PACENOTE,CAUTIONS,RBR,Extended.ini,1,Danger,huomio_huomio.ogg,0.21,
reversed,304,triple_caution,PACENOTE,CAUTIONS,RBR,Extended.ini,1,TRIPLE CAUTION,huomio_huomio.ogg,0.0,
reversed,320,gravel,PACENOTE,SURFACE,RBR,Extended.ini,1,Gravel,soralle.ogg,-1,
reversed,321,tarmac,PACENOTE,SURFACE,RBR,Extended.ini,1,Tarmac,asfaltille.ogg,-1,
reversed,322,concrete,PACENOTE,SURFACE,RBR,Extended.ini,1,Concrete,betonille.ogg,-1,
reversed,323,cobbles,PACENOTE,SURFACE,RBR,Extended.ini,1,Cobbles,cobbles.ogg,-1,file missing
reversed,324,grit,PACENOTE,SURFACE,RBR,Extended.ini,1,Grit,grit.ogg,-1,file missing
reversed,325,snow,PACENOTE,SURFACE,RBR,Extended.ini,1,Snow,lumelle.ogg,-1,
reversed,326,onsplit,PACENOTE,SURFACE,RBR,Extended.ini,1,Split,onsplit.ogg,-1,file missing
reversed,327,icy,PACENOTE,SURFACE,RBR,Extended.ini,1,Icy,icy.ogg,-1,file missing
reversed,328,rubble,PACENOTE,SURFACE,RBR,Extended.ini,1,Rubble,rubble.ogg,-1,file missing
reversed,329,ice,PACENOTE,SURFACE,RBR,Extended.ini,1,Ice,jaalle.ogg,-1,file missing
reversed,330,loose_gravel,PACENOTE,SURFACE,RBR,Extended.ini,1,Loose Gravel,loose_gravel.ogg,-1,file missing
reversed,340,crest,PACENOTE,OBSTACLES,RBR,Extended.ini,1,Crest,nyppy.ogg,0.0,
reversed,344,hole,PACENOTE,CAUTIONS,RBR,Extended.ini,1,HOLE,hole.ogg,-1,file missing
reversed,344,hole,PACENOTE,OBSTACLES,RBR,Extended.ini,2,Hole,reika1.ogg,-1,
reversed,344,hole,PACENOTE,OBSTACLES,RBR,Extended.ini,2,Hole,reika2.ogg,-1,
reversed,345,ruts,PACENOTE,CAUTIONS,RBR,Extended.ini,1,Ruts,urat.ogg,0.04,
reversed,346,deepruts,PACENOTE,CAUTIONS,RBR,Extended.ini,1,DEEP RUTS,urat.ogg,-1,
reversed,347,border,PACENOTE,CAUTIONS,RBR,Extended.ini,1,BORDER,border.ogg,-1,file missing
reversed,348,edge,PACENOTE,CAUTIONS,RBR,Extended.ini,1,EDGE,edge.ogg,-1,file missing
reversed,349,curb,PACENOTE,CAUTIONS,RBR,Extended.ini,1,CURB,curb.ogg,-1,file missing
reversed,350,ditch,PACENOTE,CAUTIONS,RBR,Extended.ini,1,DITCH,ditch.ogg,-1,file missing
reversed,351,junction,PACENOTE,LINE,RBR,Extended.ini,2,Junction,risteys1.ogg,0.04,
reversed,351,junction,PACENOTE,LINE,RBR,Extended.ini,2,Junction,risteys2.ogg,0.04,
reversed,354,steep_drop,PACENOTE,CAUTIONS,RBR,Extended.ini,1,STEEP DROP,steep_drop.ogg,-1,file missing
reversed,356,shoulder,PACENOTE,CAUTIONS,RBR,Extended.ini,1,SHOULDER,shoulder.ogg,-1,file missing
reversed,357,steep_hill,PACENOTE,CAUTIONS,RBR,Extended.ini,1,STEEP HILL,steep_hill.ogg,-1,file missing
reversed,358,steep_incline,PACENOTE,CAUTIONS,RBR,Extended.ini,1,STEEP INCLINE,steep_incline.ogg,-1,file missing
reversed,359,steep_slope,PACENOTE,CAUTIONS,RBR,Extended.ini,1,STEEP SLOPE,steep_slope.ogg,-1,file missing
reversed,361,dip,PACENOTE,OBSTACLES,RBR,Extended.ini,1,Dip,notko.ogg,0.0,
reversed,373,tree,PACENOTE,OBSTACLES,RBR,Extended.ini,1,PUU,tree.ogg,-1,file missing
reversed,374,stump,PACENOTE,OBSTACLES,RBR,Extended.ini,1,KANTO,stump.ogg,-1,file missing
reversed,379,stone,PACENOTE,OBSTACLES,RBR,Extended.ini,1,KIVI,stone.ogg,-1,file missing
reversed,380,rock,PACENOTE,OBSTACLES,RBR,Extended.ini,1,KIVI,rock.ogg,-1,file missing
reversed,381,tunnel,PACENOTE,OBSTACLES,RBR,Extended.ini,1,Tunnel,tunneli.ogg,0.01,
reversed,384,rails,PACENOTE,OBSTACLES,RBR,Extended.ini,1,Rails,raiteet.ogg,0.0,
reversed,385,sign,PACENOTE,OBSTACLES,RBR,Extended.ini,1,KYLTTI,sign.ogg,-1,file missing
reversed,386,bush,PACENOTE,OBSTACLES,RBR,Extended.ini,1,PUSKA,bush.ogg,-1,file missing
reversed,388,water,PACENOTE,OBSTACLES,RBR,Extended.ini,1,VETTÄ,vetta.ogg,-1,
reversed,389,puddle,PACENOTE,OBSTACLES,RBR,Extended.ini,1,LÄTÄKKÖ,vetta.ogg,-1,
reversed,390,netting,PACENOTE,OBSTACLES,RBR,Extended.ini,1,VERKKO,netting.ogg,-1,file missing
reversed,391,tape,PACENOTE,OBSTACLES,RBR,Extended.ini,1,TEIPPI,tape.ogg,-1,file missing
reversed,392,left_entry_chicane,PACENOTE,LINE,RBR,Extended.ini,1,Left Entry Chicane,shikaani_vasemmalta.ogg,0.05,
reversed,393,right_entry_chicane,PACENOTE,LINE,RBR,Extended.ini,1,Right Entry Chicane,shikaani_oikeelta.ogg,0.04,
reversed,394,tyres,PACENOTE,OBSTACLES,RBR,Extended.ini,1,RENKAITA,tyres.ogg,-1,file missing
reversed,395,spectators,PACENOTE,OBSTACLES,RBR,Extended.ini,1,KATSOJIA,spectators.ogg,-1,file missing
reversed,396,marshalls,PACENOTE,OBSTACLES,RBR,Extended.ini,1,JÄRJESTYKSENVALVOJIA,marshalls.ogg,-1,file missing
reversed,397,barrels,PACENOTE,OBSTACLES,RBR,Extended.ini,1,TYNNYRIT,barrels.ogg,-1,file missing
reversed,411,inside,PACENOTE,ADDITIONAL,RBR,Extended.ini,1,Inside,sisalla.ogg,0.01,
reversed,412,outside,PACENOTE,ADDITIONAL,RBR,Extended.ini,1,Outside,ulkona.ogg,-1,
reversed,430,done,PACENOTE,LINKS,RBR,Extended.ini,1,Done,done.ogg,-1,file missing
reversed,431,stop,PACENOTE,LINKS,RBR,Extended.ini,1,Stop,stop.ogg,-1,file missing
reversed,432,line,PACENOTE,LINE,RBR,Extended.ini,1,Line,line.ogg,0.0,file missing
reversed,540,onto_gravel,PACENOTE,SURFACE,RBR,Extended.ini,1,On Gravel,soralle.ogg,0.04,
reversed,541,onto_tarmac,PACENOTE,SURFACE,RBR,Extended.ini,1,On Tarmac,asfaltille.ogg,0.02,
reversed,542,onto_concrete,PACENOTE,SURFACE,RBR,Extended.ini,1,On Concrete,betonille.ogg,-1,
reversed,543,onto_cobbles,PACENOTE,SURFACE,RBR,Extended.ini,1,Onto Cobbles,onto_cobbles.ogg,-1,file missing
reversed,544,onto_grit,PACENOTE,SURFACE,RBR,Extended.ini,1,Onto Grit,onto_grit.ogg,-1,file missing
reversed,545,onto_snow,PACENOTE,SURFACE,RBR,Extended.ini,1,On Snow,lumelle.ogg,0.01,
reversed,549,hold,PACENOTE,LINE,RBR,Extended.ini,2,Hold,pida1.ogg,0.08,
reversed,549,hold,PACENOTE,LINE,RBR,Extended.ini,2,Hold,pida2.ogg,0.08,
reversed,551,l_foot_braking,PACENOTE,ADDITIONAL,RBR,Extended.ini,1,Tie,sido.ogg,0.08,
reversed,555,to_sight_distance,PACENOTE,LINE,RBR,Extended.ini,1,To Sight Distance,to_sight_distance.ogg,-1,file missing
reversed,556,split_time,PACENOTE,LINKS,RBR,Extended.ini,1,Split Time,split_time.ogg,-1,file missing
reversed,557,entry,PACENOTE,LINE,RBR,Extended.ini,1,Entry,entry.ogg,-1,file missing
reversed,2001,tightenstosix,PACENOTE,ADJECTIVES,RBR,Extended.ini,1,Tightens 6,kirraa_kuueks.ogg,-1,
reversed,2002,tightenstofive,PACENOTE,ADJECTIVES,RBR,Extended.ini,1,Tightens 5,kirraa_viieks.ogg,0.01,
reversed,2003,tightenstofour,PACENOTE,ADJECTIVES,RBR,Extended.ini,1,Tightens 4,kirraa_neljaks.ogg,0.09,
reversed,2004,tightenstothree,PACENOTE,ADJECTIVES,RBR,Extended.ini,1,Tightens 3,kirraa_kolmeks.ogg,0.22,
reversed,2005,tightenstotwo,PACENOTE,ADJECTIVES,RBR,Extended.ini,1,Tightens 2,kirraa_kaheks.ogg,0.2,
reversed,2006,tightenstoone,PACENOTE,ADJECTIVES,RBR,Extended.ini,1,Tightens 1,kirraa_yheks.ogg,0.11,
reversed,2007,tightenstoacute,PACENOTE,ADJECTIVES,RBR,Extended.ini,1,Tightens HP,kirraa_tiukaks.ogg,0.02,
reversed,2008,tosix,PACENOTE,ADJECTIVES,RBR,Extended.ini,1,6,_kuueks.ogg,0.0,
reversed,2009,tofive,PACENOTE,ADJECTIVES,RBR,Extended.ini,1,5,_viieks.ogg,0.01,
reversed,2010,tofour,PACENOTE,ADJECTIVES,RBR,Extended.ini,1,4,_neljaks.ogg,0.02,
reversed,2011,tothree,PACENOTE,ADJECTIVES,RBR,Extended.ini,1,3,_kolmeks.ogg,0.04,
reversed,2012,totwo,PACENOTE,ADJECTIVES,RBR,Extended.ini,1,2,_kaheks.ogg,0.03,
reversed,2013,toone,PACENOTE,ADJECTIVES,RBR,Extended.ini,1,1,_yheks.ogg,0.01,
reversed,2014,toacute,PACENOTE,ADJECTIVES,RBR,Extended.ini,1,HP,_tiukaks.ogg,0.0,
reversed,2015,tightenslate,PACENOTE,ADJECTIVES,RBR,Extended.ini,1,Tightens Late,kirraa_lopussa.ogg,0.21,
reversed,2016,dontcutearly,PACENOTE,LINE,RBR,Extended.ini,1,Don't Cut Early,ala_alussa.ogg,0.0,
reversed,2017,dontcutlate,PACENOTE,LINE,RBR,Extended.ini,1,Don't Cut Late,ala_lopussa.ogg,0.05,
reversed,2018,openstightens,PACENOTE,ADJECTIVES,RBR,Extended.ini,1,Opens Tightens,aukee_kirraa.ogg,0.17,
reversed,2019,tightensopens,PACENOTE,ADJECTIVES,RBR,Extended.ini,1,Tightens Opens,kirraa_aukee.ogg,0.03,
reversed,2020,roiku,PACENOTE,LINE,RBR,Extended.ini,1,Hang,roiku.ogg,0.01,
reversed,2021,carein,PACENOTE,CAUTIONS,RBR,Extended.ini,1,Care In,varo_sisalla.ogg,0.08,
reversed,2022,careout,PACENOTE,CAUTIONS,RBR,Extended.ini,1,Care Out,varo_ulkona.ogg,0.05,
reversed,2023,hae,PACENOTE,LINE,RBR,Extended.ini,2,Line,hae1.ogg,0.04,
reversed,2023,hae,PACENOTE,LINE,RBR,Extended.ini,2,Line,hae2.ogg,0.04,
reversed,2024,todip,PACENOTE,OBSTACLES,RBR,Extended.ini,1,TODIP,notko.ogg,0.03,
reversed,2029,continuesovercrest,PACENOTE,OBSTACLES,RBR,Extended.ini,1,Continues Over Crest,jatkuu_yli_nypyn.ogg,-1,
reversed,2030,immediate,PACENOTE,LINKS,RBR,Extended.ini,2,Immediate,heti1.ogg,-1,
reversed,2030,immediate,PACENOTE,LINKS,RBR,Extended.ini,2,Immediate,heti2.ogg,-1,
reversed,2100,vasemmalta,PACENOTE,LINE,RBR,Extended.ini,1,Keep Left,vasen_laita.ogg,0.02,
reversed,2101,oikeelta,PACENOTE,LINE,RBR,Extended.ini,1,Keep Right,oikee_laita.ogg,0.03,
reversed,2102,double,PACENOTE,ADDITIONAL,RBR,Extended.ini,3,Double,tupla1.ogg,0.0,
reversed,2102,double,PACENOTE,ADDITIONAL,RBR,Extended.ini,3,Double,tupla2.ogg,0.0,
reversed,2102,double,PACENOTE,ADDITIONAL,RBR,Extended.ini,3,Double,tupla3.ogg,0.0,
reversed,2103,half_long,PACENOTE,ADDITIONAL,RBR,Extended.ini,1,Half Long,puolipitka1.ogg,0.3,
reversed,2105,to_finish,PACENOTE,LINKS,RBR,Extended.ini,1,To Finish,maaliin1.ogg,0.05,
reversed,2106,jump_flat,PACENOTE,OBSTACLES,RBR,Extended.ini,2,Jump Flat,hyppytays1.ogg,-1,
reversed,2106,jump_flat,PACENOTE,OBSTACLES,RBR,Extended.ini,2,Jump Flat,hyppytays2.ogg,-1,
reversed,2107,jump_bind,PACENOTE,OBSTACLES,RBR,Extended.ini,2,Jump Tie,hyppysido1.ogg,0.08,
reversed,2107,jump_bind,PACENOTE,OBSTACLES,RBR,Extended.ini,2,Jump Tie,hyppysido2.ogg,0.08,
reversed,2108,over_jump,PACENOTE,OBSTACLES,RBR,Extended.ini,2,Over Jump,hypynyli1.ogg,0.02,
reversed,2108,over_jump,PACENOTE,OBSTACLES,RBR,Extended.ini,2,Over Jump,hypynyli2.ogg,0.02,
reversed,2109,small_crest,PACENOTE,OBSTACLES,RBR,Extended.ini,2,Small Crest,pikkunyppy1.ogg,0.01,
reversed,2109,small_crest,PACENOTE,OBSTACLES,RBR,Extended.ini,2,Small Crest,pikkunyppy2.ogg,0.01,
descriptive,-1,100,RANGE,EXTENDED,RBR,Extended.ini,1,100,100_1.ogg,-1,
descriptive,-1,1000,RANGE,EXTENDED,RBR,Extended.ini,1,1000,1000.ogg,-1,
descriptive,-1,120,RANGE,EXTENDED,RBR,Extended.ini,1,120,120_1.ogg,-1,
descriptive,-1,140,RANGE,EXTENDED,RBR,Extended.ini,1,140,140_1.ogg,-1,
descriptive,-1,150,RANGE,EXTENDED,RBR,Extended.ini,1,150,150_1.ogg,-1,
descriptive,-1,160,RANGE,EXTENDED,RBR,Extended.ini,1,160,160_1.ogg,-1,
descriptive,-1,180,RANGE,EXTENDED,RBR,Extended.ini,1,180,180_1.ogg,-1,
descriptive,-1,200,RANGE,EXTENDED,RBR,Extended.ini,1,200,200_1.ogg,-1,
descriptive,-1,250,RANGE,EXTENDED,RBR,Extended.ini,1,250,250_1.ogg,-1,
descriptive,-1,30,RANGE,EXTENDED,RBR,Extended.ini,1,30,30_1.ogg,-1,
descriptive,-1,300,RANGE,EXTENDED,RBR,Extended.ini,1,300,300_1.ogg,-1,
descriptive,-1,350,RANGE,EXTENDED,RBR,Extended.ini,1,350,350_1.ogg,-1,
descriptive,-1,40,RANGE,EXTENDED,RBR,Extended.ini,1,40,40_1.ogg,-1,
descriptive,-1,400,RANGE,EXTENDED,RBR,Extended.ini,1,400,400_1.ogg,-1,
descriptive,-1,450,RANGE,EXTENDED,RBR,Extended.ini,1,450,450_1.ogg,-1,
descriptive,-1,50,RANGE,EXTENDED,RBR,Extended.ini,1,50,50_1.ogg,-1,
descriptive,-1,500,RANGE,EXTENDED,RBR,Extended.ini,1,500,500_1.ogg,-1,
descriptive,-1,60,RANGE,EXTENDED,RBR,Extended.ini,1,60,60_1.ogg,-1,
descriptive,-1,600,RANGE,EXTENDED,RBR,Extended.ini,1,600,600.ogg,-1,
descriptive,-1,70,RANGE,EXTENDED,RBR,Extended.ini,1,70,70_1.ogg,-1,
descriptive,-1,700,RANGE,EXTENDED,RBR,Extended.ini,1,700,700.ogg,-1,
descriptive,-1,80,RANGE,EXTENDED,RBR,Extended.ini,1,80,80_1.ogg,-1,
descriptive,-1,800,RANGE,EXTENDED,RBR,Extended.ini,1,800,800.ogg,-1,
descriptive,-1,900,RANGE,EXTENDED,RBR,Extended.ini,1,900,900.ogg,-1,
descriptive,-1,and,PACENOTE,LINKS,RBR,Extended.ini,2,And,jatkuu1.ogg,-1,
descriptive,-1,and,PACENOTE,LINKS,RBR,Extended.ini,2,And,jatkuu2.ogg,-1,
descriptive,-1,caution_water,PACENOTE,CAUTIONS,RBR,Extended.ini,1,Caution Water,huomio_vetta.ogg,-1,
descriptive,-1,cut,PACENOTE,MODIFIER,RBR,Extended.ini,1,Cut,sisalta.ogg,-1,
descriptive,-1,dontcut,PACENOTE,MODIFIER,RBR,Extended.ini,1,Don't Cut,ala.ogg,-1,
descriptive,-1,into,PACENOTE,LINKS,RBR,Extended.ini,2,Into,into1.ogg,-1,
descriptive,-1,into,PACENOTE,LINKS,RBR,Extended.ini,2,Into,into2.ogg,-1,
descriptive,-1,long,PACENOTE,MODIFIER,RBR,Extended.ini,1,Long,pitka.ogg,-1,
descriptive,-1,maybe,PACENOTE,ADDITIONAL,RBR,Extended.ini,1,Maybe,ehka1.ogg,-1,
descriptive,-1,maybe,PACENOTE,ADDITIONAL,RBR,Extended.ini,1,Maybe,ehka2.ogg,-1,
descriptive,-1,maybe,PACENOTE,MODIFIER,RBR,Extended.ini,1,Maybe,ehka1.ogg,-1,
descriptive,-1,narrows,PACENOTE,MODIFIER,RBR,Extended.ini,1,Narrows,sumppu.ogg,-1,
descriptive,-1,onto,PACENOTE,LINKS,RBR,Extended.ini,1,Onto,onto.ogg,-1,
descriptive,-1,tightens,PACENOTE,MODIFIER,RBR,Extended.ini,1,Tightens,kirraa1.ogg,-1,
descriptive,-1,tightensbad,PACENOTE,ADJECTIVES,RBR,Extended.ini,2,Tightens Bad,kirraa_kirraa.ogg,-1,
descriptive,-1,tightensbad,PACENOTE,ADJECTIVES,RBR,Extended.ini,2,Tightens Bad,kirraa_kirraa_2.ogg,-1,
descriptive,-1,tightensbad,PACENOTE,MODIFIER,RBR,Extended.ini,2,Double Tightens,kirraa_kirraa.ogg,-1,
descriptive,-1,tightensbad,PACENOTE,MODIFIER,RBR,Extended.ini,2,Double Tightens,kirraa_kirraa_2.ogg,-1,
descriptive,-1,wideout,PACENOTE,MODIFIER,RBR,Extended.ini,1,Widens,levenee.ogg,-1,
descriptive,0,hairpin_left,PACENOTE,CORNERS,RBR,Descriptive.ini,2,HP Left,vasen_serpo1.ogg,0.63,
descriptive,0,hairpin_left,PACENOTE,CORNERS,RBR,Descriptive.ini,2,HP Left,vasen_serpo2.ogg,0.63,
descriptive,1,square_left,PACENOTE,CORNERS,RBR,Descriptive.ini,2,Square Left,vasen_90_1.ogg,0.74,
descriptive,1,square_left,PACENOTE,CORNERS,RBR,Descriptive.ini,2,Square Left,vasen_90_2.ogg,0.74,
descriptive,2,kleft,PACENOTE,CORNERS,RBR,Descriptive.ini,2,K Left,vasen_koo1.ogg,0.88,
descriptive,2,kleft,PACENOTE,CORNERS,RBR,Descriptive.ini,2,K Left,vasen_koo2.ogg,0.88,
descriptive,3,mediumleft,PACENOTE,CORNERS,RBR,Descriptive.ini,2,Medium Left,vasen_nopee1.ogg,0.94,
descriptive,3,mediumleft,PACENOTE,CORNERS,RBR,Descriptive.ini,2,Medium Left,vasen_nopee2.ogg,0.94,
descriptive,4,fastleft,PACENOTE,CORNERS,RBR,Descriptive.ini,2,Fast Left,vasen_eri1.ogg,0.93,
descriptive,4,fastleft,PACENOTE,CORNERS,RBR,Descriptive.ini,2,Fast Left,vasen_eri2.ogg,0.93,
descriptive,5,easyleft,PACENOTE,CORNERS,RBR,Descriptive.ini,2,Slight Left,vasen_helppo1.ogg,0.87,
descriptive,5,easyleft,PACENOTE,CORNERS,RBR,Descriptive.ini,2,Slight Left,vasen_helppo2.ogg,0.87,
descriptive,6,easyright,PACENOTE,CORNERS,RBR,Descriptive.ini,2,Slight Right,oikee_helppo1.ogg,0.88,
descriptive,6,easyright,PACENOTE,CORNERS,RBR,Descriptive.ini,2,Slight Right,oikee_helppo2.ogg,0.88,
descriptive,7,fastright,PACENOTE,CORNERS,RBR,Descriptive.ini,2,Fast Right,oikee_eri1.ogg,0.94,
descriptive,7,fastright,PACENOTE,CORNERS,RBR,Descriptive.ini,2,Fast Right,oikee_eri2.ogg,0.94,
descriptive,8,mediumright,PACENOTE,CORNERS,RBR,Descriptive.ini,2,Medium Right,oikee_nopee1.ogg,0.94,
descriptive,8,mediumright,PACENOTE,CORNERS,RBR,Descriptive.ini,2,Medium Right,oikee_nopee2.ogg,0.94,
descriptive,9,kright,PACENOTE,CORNERS,RBR,Descriptive.ini,2,K Right,oikee_koo1.ogg,0.86,
descriptive,9,kright,PACENOTE,CORNERS,RBR,Descriptive.ini,2,K Right,oikee_koo2.ogg,0.86,
descriptive,10,square_right,PACENOTE,CORNERS,RBR,Descriptive.ini,2,Square Right,oikee_90_1.ogg,0.73,
descriptive,10,square_right,PACENOTE,CORNERS,RBR,Descriptive.ini,2,Square Right,oikee_90_2.ogg,0.73,
descriptive,11,hairpin_right,PACENOTE,CORNERS,RBR,Descriptive.ini,2,HP Right,oikee_serpo1.ogg,0.6,
descriptive,11,hairpin_right,PACENOTE,CORNERS,RBR,Descriptive.ini,2,HP Right,oikee_serpo2.ogg,0.6,
descriptive,12,twisty,PACENOTE,LINE,RBR,Extended.ini,1,Twisty,suoraksi.ogg,0.32,
descriptive,14,narrows,PACENOTE,ADDITIONAL,RBR,Extended.ini,1,Narrows,sumppu.ogg,0.32,
descriptive,15,wideout,PACENOTE,ADDITIONAL,RBR,Extended.ini,1,Widens,levenee.ogg,0.09,
descriptive,16,overcrest,PACENOTE,OBSTACLES,RBR,Extended.ini,1,Over Crest,yli_nypyn.ogg,0.82,
descriptive,17,ford,PACENOTE,OBSTACLES,RBR,Extended.ini,1,Water,vetta.ogg,0.1,
descriptive,18,care,PACENOTE,CAUTIONS,RBR,Extended.ini,1,Care,varo1.ogg,0.49,
descriptive,19,bump,PACENOTE,OBSTACLES,RBR,Extended.ini,1,Bump,pomppu.ogg,0.53,
descriptive,20,jump,PACENOTE,OBSTACLES,RBR,Extended.ini,2,Jump,hyppy1.ogg,0.54,
descriptive,20,jump,PACENOTE,OBSTACLES,RBR,Extended.ini,2,Jump,hyppy2.ogg,0.54,
descriptive,22,finish,PACENOTE,LINKS,RBR,Extended.ini,1,Finish,maali.ogg,1.0,
descriptive,25,flat_right,PACENOTE,CORNERS,RBR,Descriptive.ini,2,Flat Right,oikee_tays1.ogg,0.59,
descriptive,25,flat_right,PACENOTE,CORNERS,RBR,Descriptive.ini,2,Flat Right,oikee_tays2.ogg,0.59,
descriptive,26,flat_left,PACENOTE,CORNERS,RBR,Descriptive.ini,2,Flat Left,vasen_tays1.ogg,0.59,
descriptive,26,flat_left,PACENOTE,CORNERS,RBR,Descriptive.ini,2,Flat Left,vasen_tays2.ogg,0.59,
descriptive,27,bridge,PACENOTE,OBSTACLES,RBR,Extended.ini,1,Bridge,silta.ogg,0.34,
descriptive,28,gostraight,PACENOTE,LINE,RBR,Extended.ini,1,Go Straight,suoraan.ogg,0.23,
descriptive,29,keepright,PACENOTE,LINE,RBR,Extended.ini,1,Keep Right,oikee_laita.ogg,0.46,
descriptive,30,keepleft,PACENOTE,LINE,RBR,Extended.ini,1,Keep Left,vasen_laita.ogg,0.44,
descriptive,31,keepmiddle,PACENOTE,LINE,RBR,Extended.ini,2,Keep Middle,keskelta1.ogg,0.45,
descriptive,31,keepmiddle,PACENOTE,LINE,RBR,Extended.ini,2,Keep Middle,keskelta2.ogg,0.45,
descriptive,32,caution,PACENOTE,CAUTIONS,RBR,Extended.ini,1,Caution,huomio.ogg,0.56,
descriptive,102,two_left,PACENOTE,CORNERS,RBR,Descriptive.ini,2,Slow Left,vasen_hidas1.ogg,0.02,
descriptive,102,two_left,PACENOTE,CORNERS,RBR,Descriptive.ini,2,Slow Left,vasen_hidas2.ogg,0.02,
descriptive,112,two_right,PACENOTE,CORNERS,RBR,Descriptive.ini,2,Slow Right,oikee_hidas1.ogg,0.02,
descriptive,112,two_right,PACENOTE,CORNERS,RBR,Descriptive.ini,2,Slow Right,oikee_hidas2.ogg,0.02,
descriptive,120,left,PACENOTE,CORNERS,RBR,Descriptive.ini,1,Left,left.ogg,-1,file missing
descriptive,121,right,PACENOTE,CORNERS,RBR,Descriptive.ini,1,Right,right.ogg,-1,file missing
descriptive,122,right_into,PACENOTE,CORNERS,RBR,Descriptive.ini,1,Right Into,right_into.ogg,-1,file missing
descriptive,123,left_into,PACENOTE,CORNERS,RBR,Descriptive.ini,1,Left Into,left_into.ogg,-1,file missing
descriptive,124,right_left,PACENOTE,CORNERS,RBR,Descriptive.ini,1,Right-Left,right_left.ogg,-1,file missing
descriptive,125,left_right,PACENOTE,CORNERS,RBR,Descriptive.ini,1,Left-Right,left_right.ogg,-1,file missing
descriptive,126,right_around,PACENOTE,CORNERS,RBR,Descriptive.ini,1,Right Around,right_around.ogg,-1,file missing
descriptive,127,left_around,PACENOTE,CORNERS,RBR,Descriptive.ini,1,Left Around,left_around.ogg,-1,file missing
descriptive,200,over_bridge,PACENOTE,OBSTACLES,RBR,Extended.ini,1,SILLAN YLI,silta.ogg,0.0,
descriptive,201,over_rails,PACENOTE,OBSTACLES,RBR,Extended.ini,1,RAITEIDEN YLI,raiteet.ogg,-1,
descriptive,202,over_railway,PACENOTE,OBSTACLES,RBR,Extended.ini,1,RAITEIDEN YLI,raiteet.ogg,-1,
descriptive,211,deepcut,PACENOTE,LINE,RBR,Extended.ini,1,DEEP CUT,deepcut.ogg,0.0,file missing
descriptive,212,fullcut,PACENOTE,LINE,RBR,Extended.ini,1,Full Cut,leikkaa.ogg,0.0,
descriptive,213,keep_centre,PACENOTE,LINE,RBR,Extended.ini,1,Keep Centre,keskelta.ogg,0.0,file missing
descriptive,217,brake,PACENOTE,CAUTIONS,RBR,Extended.ini,2,Brake,jarru1.ogg,0.18,
descriptive,217,brake,PACENOTE,CAUTIONS,RBR,Extended.ini,2,Brake,jarru2.ogg,0.18,
descriptive,218,light_cut,PACENOTE,LINE,RBR,Extended.ini,1,LIGHTCUT,light_cut.ogg,0.0,file missing
descriptive,220,keep_in,PACENOTE,LINE,RBR,Extended.ini,1,Keep In,pida1.ogg,0.01,
descriptive,220,keep_in,PACENOTE,LINE,RBR,Extended.ini,1,Keep In,pida2.ogg,0.01,
descriptive,221,keep_out,PACENOTE,LINE,RBR,Extended.ini,1,Keep Out,ulkoo.ogg,-1,
descriptive,223,clip,PACENOTE,LINE,RBR,Extended.ini,1,Clip,clip.ogg,-1,file missing
descriptive,230,minus,PACENOTE,ADDITIONAL,RBR,Extended.ini,1,Minus,miinus.ogg,0.08,
descriptive,231,minusminus,PACENOTE,ADDITIONAL,RBR,Extended.ini,1,MIINUS MIINUS,minusminus.ogg,-1,file missing
descriptive,232,plus,PACENOTE,ADDITIONAL,RBR,Extended.ini,1,Plus,plus.ogg,0.04,
descriptive,233,plusplus,PACENOTE,ADDITIONAL,RBR,Extended.ini,1,PLUS PLUS,plusplus.ogg,-1,file missing
descriptive,234,early,PACENOTE,ADDITIONAL,RBR,Extended.ini,1,Early,alussa.ogg,-1,
descriptive,235,late,PACENOTE,ADDITIONAL,RBR,Extended.ini,1,Late,lopussa.ogg,0.03,
descriptive,236,easy,PACENOTE,ADDITIONAL,RBR,Extended.ini,1,Easy,helppo1.ogg,0.01,
descriptive,237,much,PACENOTE,ADJECTIVES,RBR,Extended.ini,1,Much,much.ogg,-1,file missing
descriptive,238,many,PACENOTE,ADJECTIVES,RBR,Extended.ini,1,Many,many.ogg,-1,file missing
descriptive,239,very,PACENOTE,ADJECTIVES,RBR,Extended.ini,1,Very,very.ogg,-1,file missing
descriptive,240,hard,PACENOTE,ADDITIONAL,RBR,Extended.ini,2,Hard,paha1.ogg,0.03,
descriptive,240,hard,PACENOTE,ADDITIONAL,RBR,Extended.ini,2,Hard,paha2.ogg,0.03,
descriptive,241,fast,PACENOTE,ADJECTIVES,RBR,Extended.ini,1,Fast,fast.ogg,-1,file missing
descriptive,242,slow,PACENOTE,ADJECTIVES,RBR,Extended.ini,1,Slow,slow.ogg,0.01,file missing
descriptive,243,exact,PACENOTE,ADJECTIVES,RBR,Extended.ini,1,Exact,exact.ogg,-1,file missing
descriptive,245,directly,PACENOTE,ADJECTIVES,RBR,Extended.ini,1,Directly,directly.ogg,-1,file missing
descriptive,246,light,PACENOTE,ADJECTIVES,RBR,Extended.ini,1,Light,light.ogg,-1,file missing
descriptive,247,big,PACENOTE,ADJECTIVES,RBR,Extended.ini,1,Big,big.ogg,-1,file missing
descriptive,248,small,PACENOTE,ADJECTIVES,RBR,Extended.ini,1,Small,small.ogg,-1,file missing
descriptive,249,sharp,PACENOTE,ADDITIONAL,RBR,Extended.ini,2,Sharp,terava1.ogg,0.04,
descriptive,249,sharp,PACENOTE,ADDITIONAL,RBR,Extended.ini,2,Sharp,terava2.ogg,0.04,
descriptive,250,round,PACENOTE,ADDITIONAL,RBR,Extended.ini,1,Round,pyoree.ogg,0.25,
descriptive,251,tight,PACENOTE,ADDITIONAL,RBR,Extended.ini,1,Tight,ahdas.ogg,0.07,
descriptive,252,slight,PACENOTE,ADJECTIVES,RBR,Extended.ini,1,Slight,slight.ogg,-1,file missing
descriptive,253,good,PACENOTE,ADJECTIVES,RBR,Extended.ini,1,Good,good.ogg,-1,file missing
descriptive,254,bad,PACENOTE,ADJECTIVES,RBR,Extended.ini,1,Bad,bad.ogg,-1,file missing
descriptive,257,straight,PACENOTE,ADJECTIVES,RBR,Extended.ini,1,Straight,straight.ogg,-1,file missing
descriptive,260,uphill,PACENOTE,LINE,RBR,Extended.ini,2,Up,ylos1.ogg,0.01,
descriptive,260,uphill,PACENOTE,LINE,RBR,Extended.ini,2,Up,ylos2.ogg,0.01,
descriptive,261,downhill,PACENOTE,LINE,RBR,Extended.ini,2,Down,alas1.ogg,0.01,
descriptive,261,downhill,PACENOTE,LINE,RBR,Extended.ini,2,Down,alas2.ogg,0.01,
descriptive,263,longlong,PACENOTE,ADDITIONAL,RBR,Extended.ini,1,Very Long,tosi_pitka.ogg,0.01,
descriptive,264,short,PACENOTE,ADDITIONAL,RBR,Extended.ini,1,Short,lyhyt.ogg,0.36,
descriptive,265,shortshort,PACENOTE,ADDITIONAL,RBR,Extended.ini,1,LYHYT LYHYT,shortshort.ogg,-1,file missing
descriptive,266,gonarrow,PACENOTE,LINE,RBR,Extended.ini,1,Go Narrow,gonarrow.ogg,-1,file missing
descriptive,267,gowide,PACENOTE,LINE,RBR,Extended.ini,1,Go Wide,gowide.ogg,-1,file missing
descriptive,268,slippery,PACENOTE,CAUTIONS,RBR,Extended.ini,1,Slippy,liukas.ogg,0.03,
descriptive,271,sideways,PACENOTE,LINE,RBR,Extended.ini,1,Sideways,sideways.ogg,-1,file missing
descriptive,272,hook,PACENOTE,LINE,RBR,Extended.ini,1,HOOK,hook.ogg,-1,file missing
descriptive,274,very_long,PACENOTE,ADDITIONAL,RBR,Extended.ini,1,Very Long,tosi_pitka.ogg,0.11,
descriptive,275,very_short,PACENOTE,ADDITIONAL,RBR,Extended.ini,1,TOSI LYHYT,very_short.ogg,-1,file missing
descriptive,277,slippy,PACENOTE,CAUTIONS,RBR,Extended.ini,1,,liukas.ogg,0.0,
descriptive,294,positive,PACENOTE,ADJECTIVES,RBR,Extended.ini,1,Positive,positive.ogg,-1,file missing
descriptive,295,negative,PACENOTE,ADJECTIVES,RBR,Extended.ini,1,Negative,negative.ogg,-1,file missing
descriptive,298,opens,PACENOTE,ADJECTIVES,RBR,Extended.ini,1,Opens,aukee1.ogg,0.22,
descriptive,299,fakes,PACENOTE,CAUTIONS,RBR,Extended.ini,1,Deceptive,hamaa.ogg,0.02,
descriptive,300,bumps,PACENOTE,OBSTACLES,RBR,Extended.ini,2,Bumps,pomppuja1.ogg,0.0,
descriptive,300,bumps,PACENOTE,OBSTACLES,RBR,Extended.ini,2,Bumps,pomppuja2.ogg,0.0,
descriptive,301,hidden,PACENOTE,CAUTIONS,RBR,Extended.ini,1,HIDDEN,hidden.ogg,-1,file missing
descriptive,302,blind,PACENOTE,CAUTIONS,RBR,Extended.ini,1,BLIND,blind.ogg,-1,file missing
descriptive,303,double_caution,PACENOTE,CAUTIONS,RBR,Extended.ini,1,Danger,huomio_huomio.ogg,0.21,
descriptive,304,triple_caution,PACENOTE,CAUTIONS,RBR,Extended.ini,1,TRIPLE CAUTION,huomio_huomio.ogg,0.0,
descriptive,320,gravel,PACENOTE,SURFACE,RBR,Extended.ini,1,Gravel,soralle.ogg,-1,
descriptive,321,tarmac,PACENOTE,SURFACE,RBR,Extended.ini,1,Tarmac,asfaltille.ogg,-1,
descriptive,322,concrete,PACENOTE,SURFACE,RBR,Extended.ini,1,Concrete,betonille.ogg,-1,
descriptive,323,cobbles,PACENOTE,SURFACE,RBR,Extended.ini,1,Cobbles,cobbles.ogg,-1,file missing
descriptive,324,grit,PACENOTE,SURFACE,RBR,Extended.ini,1,Grit,grit.ogg,-1,file missing
descriptive,325,snow,PACENOTE,SURFACE,RBR,Extended.ini,1,Snow,lumelle.ogg,-1,
descriptive,326,onsplit,PACENOTE,SURFACE,RBR,Extended.ini,1,Split,onsplit.ogg,-1,file missing
descriptive,327,icy,PACENOTE,SURFACE,RBR,Extended.ini,1,Icy,icy.ogg,-1,file missing
descriptive,328,rubble,PACENOTE,SURFACE,RBR,Extended.ini,1,Rubble,rubble.ogg,-1,file missing
descriptive,329,ice,PACENOTE,SURFACE,RBR,Extended.ini,1,Ice,jaalle.ogg,-1,file missing
descriptive,330,loose_gravel,PACENOTE,SURFACE,RBR,Extended.ini,1,Loose Gravel,loose_gravel.ogg,-1,file missing
descriptive,340,crest,PACENOTE,OBSTACLES,RBR,Extended.ini,1,Crest,nyppy.ogg,0.0,
descriptive,344,hole,PACENOTE,CAUTIONS,RBR,Extended.ini,1,HOLE,hole.ogg,-1,file missing
descriptive,344,hole,PACENOTE,OBSTACLES,RBR,Extended.ini,2,Hole,reika1.ogg,-1,
descriptive,344,hole,PACENOTE,OBSTACLES,RBR,Extended.ini,2,Hole,reika2.ogg,-1,
descriptive,345,ruts,PACENOTE,CAUTIONS,RBR,Extended.ini,1,Ruts,urat.ogg,0.04,
descriptive,346,deepruts,PACENOTE,CAUTIONS,RBR,Extended.ini,1,DEEP RUTS,urat.ogg,-1,
descriptive,347,border,PACENOTE,CAUTIONS,RBR,Extended.ini,1,BORDER,border.ogg,-1,file missing
descriptive,348,edge,PACENOTE,CAUTIONS,RBR,Extended.ini,1,EDGE,edge.ogg,-1,file missing
descriptive,349,curb,PACENOTE,CAUTIONS,RBR,Extended.ini,1,CURB,curb.ogg,-1,file missing
descriptive,350,ditch,PACENOTE,CAUTIONS,RBR,Extended.ini,1,DITCH,ditch.ogg,-1,file missing
descriptive,351,junction,PACENOTE,LINE,RBR,Extended.ini,2,Junction,risteys1.ogg,0.04,
descriptive,351,junction,PACENOTE,LINE,RBR,Extended.ini,2,Junction,risteys2.ogg,0.04,
descriptive,354,steep_drop,PACENOTE,CAUTIONS,RBR,Extended.ini,1,STEEP DROP,steep_drop.ogg,-1,file missing
descriptive,356,shoulder,PACENOTE,CAUTIONS,RBR,Extended.ini,1,SHOULDER,shoulder.ogg,-1,file missing
descriptive,357,steep_hill,PACENOTE,CAUTIONS,RBR,Extended.ini,1,STEEP HILL,steep_hill.ogg,-1,file missing
descriptive,358,steep_incline,PACENOTE,CAUTIONS,RBR,Extended.ini,1,STEEP INCLINE,steep_incline.ogg,-1,file missing
descriptive,359,steep_slope,PACENOTE,CAUTIONS,RBR,Extended.ini,1,STEEP SLOPE,steep_slope.ogg,-1,file missing
descriptive,361,dip,PACENOTE,OBSTACLES,RBR,Extended.ini,1,Dip,notko.ogg,0.0,
descriptive,373,tree,PACENOTE,OBSTACLES,RBR,Extended.ini,1,PUU,tree.ogg,-1,file missing
descriptive,374,stump,PACENOTE,OBSTACLES,RBR,Extended.ini,1,KANTO,stump.ogg,-1,file missing
descriptive,379,stone,PACENOTE,OBSTACLES,RBR,Extended.ini,1,KIVI,stone.ogg,-1,file missing
descriptive,380,rock,PACENOTE,OBSTACLES,RBR,Extended.ini,1,KIVI,rock.ogg,-1,file missing
descriptive,381,tunnel,PACENOTE,OBSTACLES,RBR,Extended.ini,1,Tunnel,tunneli.ogg,0.01,
descriptive,384,rails,PACENOTE,OBSTACLES,RBR,Extended.ini,1,Rails,raiteet.ogg,0.0,
descriptive,385,sign,PACENOTE,OBSTACLES,RBR,Extended.ini,1,KYLTTI,sign.ogg,-1,file missing
descriptive,386,bush,PACENOTE,OBSTACLES,RBR,Extended.ini,1,PUSKA,bush.ogg,-1,file missing
descriptive,388,water,PACENOTE,OBSTACLES,RBR,Extended.ini,1,VETTÄ,vetta.ogg,-1,
descriptive,389,puddle,PACENOTE,OBSTACLES,RBR,Extended.ini,1,LÄTÄKKÖ,vetta.ogg,-1,
descriptive,390,netting,PACENOTE,OBSTACLES,RBR,Extended.ini,1,VERKKO,netting.ogg,-1,file missing
descriptive,391,tape,PACENOTE,OBSTACLES,RBR,Extended.ini,1,TEIPPI,tape.ogg,-1,file missing
descriptive,392,left_entry_chicane,PACENOTE,LINE,RBR,Extended.ini,1,Left Entry Chicane,shikaani_vasemmalta.ogg,0.05,
descriptive,393,right_entry_chicane,PACENOTE,LINE,RBR,Extended.ini,1,Right Entry Chicane,shikaani_oikeelta.ogg,0.04,
descriptive,394,tyres,PACENOTE,OBSTACLES,RBR,Extended.ini,1,RENKAITA,tyres.ogg,-1,file missing
descriptive,395,spectators,PACENOTE,OBSTACLES,RBR,Extended.ini,1,KATSOJIA,spectators.ogg,-1,file missing
descriptive,396,marshalls,PACENOTE,OBSTACLES,RBR,Extended.ini,1,JÄRJESTYKSENVALVOJIA,marshalls.ogg,-1,file missing
descriptive,397,barrels,PACENOTE,OBSTACLES,RBR,Extended.ini,1,TYNNYRIT,barrels.ogg,-1,file missing
descriptive,411,inside,PACENOTE,ADDITIONAL,RBR,Extended.ini,1,Inside,sisalla.ogg,0.01,
descriptive,412,outside,PACENOTE,ADDITIONAL,RBR,Extended.ini,1,Outside,ulkona.ogg,-1,
descriptive,430,done,PACENOTE,LINKS,RBR,Extended.ini,1,Done,done.ogg,-1,file missing
descriptive,431,stop,PACENOTE,LINKS,RBR,Extended.ini,1,Stop,stop.ogg,-1,file missing
descriptive,432,line,PACENOTE,LINE,RBR,Extended.ini,1,Line,line.ogg,0.0,file missing
descriptive,540,onto_gravel,PACENOTE,SURFACE,RBR,Extended.ini,1,On Gravel,soralle.ogg,0.04,
descriptive,541,onto_tarmac,PACENOTE,SURFACE,RBR,Extended.ini,1,On Tarmac,asfaltille.ogg,0.02,
descriptive,542,onto_concrete,PACENOTE,SURFACE,RBR,Extended.ini,1,On Concrete,betonille.ogg,-1,
descriptive,543,onto_cobbles,PACENOTE,SURFACE,RBR,Extended.ini,1,Onto Cobbles,onto_cobbles.ogg,-1,file missing
descriptive,544,onto_grit,PACENOTE,SURFACE,RBR,Extended.ini,1,Onto Grit,onto_grit.ogg,-1,file missing
descriptive,545,onto_snow,PACENOTE,SURFACE,RBR,Extended.ini,1,On Snow,lumelle.ogg,0.01,
descriptive,549,hold,PACENOTE,LINE,RBR,Extended.ini,2,Hold,pida1.ogg,0.08,
descriptive,549,hold,PACENOTE,LINE,RBR,Extended.ini,2,Hold,pida2.ogg,0.08,
descriptive,551,l_foot_braking,PACENOTE,ADDITIONAL,RBR,Extended.ini,1,Tie,sido.ogg,0.08,
descriptive,555,to_sight_distance,PACENOTE,LINE,RBR,Extended.ini,1,To Sight Distance,to_sight_distance.ogg,-1,file missing
descriptive,556,split_time,PACENOTE,LINKS,RBR,Extended.ini,1,Split Time,split_time.ogg,-1,file missing
descriptive,557,entry,PACENOTE,LINE,RBR,Extended.ini,1,Entry,entry.ogg,-1,file missing
descriptive,2001,tightenstosix,PACENOTE,ADJECTIVES,RBR,Extended.ini,1,Tightens Slight,kirraa_helpoks.ogg,-1,
descriptive,2002,tightenstofive,PACENOTE,ADJECTIVES,RBR,Extended.ini,1,Tightens Fast,kirraa_eriks.ogg,0.01,
descriptive,2003,tightenstofour,PACENOTE,ADJECTIVES,RBR,Extended.ini,1,Tightens Medium,kirraa_nopeeks.ogg,0.09,
descriptive,2004,tightenstothree,PACENOTE,ADJECTIVES,RBR,Extended.ini,1,Tightens K,kirraa_kooks.ogg,0.22,
descriptive,2005,tightenstotwo,PACENOTE,ADJECTIVES,RBR,Extended.ini,1,Tightens Square,kirraa_90.ogg,0.2,
descriptive,2006,tightenstoone,PACENOTE,ADJECTIVES,RBR,Extended.ini,1,Tightens Slow,kirraa_hitaaks.ogg,0.11,
descriptive,2007,tightenstoacute,PACENOTE,ADJECTIVES,RBR,Extended.ini,1,Tightens HP,kirraa_serpoks.ogg,0.02,
descriptive,2008,tosix,PACENOTE,ADJECTIVES,RBR,Extended.ini,1,Slight,_helpoks.ogg,0.0,
descriptive,2009,tofive,PACENOTE,ADJECTIVES,RBR,Extended.ini,1,Fast,_eriks.ogg,0.01,
descriptive,2010,tofour,PACENOTE,ADJECTIVES,RBR,Extended.ini,1,Medium,_nopeeks.ogg,0.02,
descriptive,2011,tothree,PACENOTE,ADJECTIVES,RBR,Extended.ini,1,K,_kooks.ogg,0.04,
descriptive,2012,totwo,PACENOTE,ADJECTIVES,RBR,Extended.ini,1,Square,_90.ogg,0.03,
descriptive,2013,toone,PACENOTE,ADJECTIVES,RBR,Extended.ini,1,Slow,_hitaaks.ogg,0.01,
descriptive,2014,toacute,PACENOTE,ADJECTIVES,RBR,Extended.ini,1,HP,_serpoks.ogg,0.0,
descriptive,2015,tightenslate,PACENOTE,ADJECTIVES,RBR,Extended.ini,1,Tightens Late,kirraa_lopussa.ogg,0.21,
descriptive,2016,dontcutearly,PACENOTE,LINE,RBR,Extended.ini,1,Don't Cut Early,ala_alussa.ogg,0.0,
descriptive,2017,dontcutlate,PACENOTE,LINE,RBR,Extended.ini,1,Don't Cut Late,ala_lopussa.ogg,0.05,
descriptive,2018,openstightens,PACENOTE,ADJECTIVES,RBR,Extended.ini,1,Opens Tightens,aukee_kirraa.ogg,0.17,
descriptive,2019,tightensopens,PACENOTE,ADJECTIVES,RBR,Extended.ini,1,Tightens Opens,kirraa_aukee.ogg,0.03,
descriptive,2020,roiku,PACENOTE,LINE,RBR,Extended.ini,1,Hang,roiku.ogg,0.01,
descriptive,2021,carein,PACENOTE,CAUTIONS,RBR,Extended.ini,1,Care In,varo_sisalla.ogg,0.08,
descriptive,2022,careout,PACENOTE,CAUTIONS,RBR,Extended.ini,1,Care Out,varo_ulkona.ogg,0.05,
descriptive,2023,hae,PACENOTE,LINE,RBR,Extended.ini,2,Line,hae1.ogg,0.04,
descriptive,2023,hae,PACENOTE,LINE,RBR,Extended.ini,2,Line,hae2.ogg,0.04,
descriptive,2024,todip,PACENOTE,OBSTACLES,RBR,Extended.ini,1,TODIP,notko.ogg,0.03,
descriptive,2029,continuesovercrest,PACENOTE,OBSTACLES,RBR,Extended.ini,1,Continues Over Crest,jatkuu_yli_nypyn.ogg,-1,
descriptive,2030,immediate,PACENOTE,LINKS,RBR,Extended.ini,2,Immediate,heti1.ogg,-1,
descriptive,2030,immediate,PACENOTE,LINKS,RBR,Extended.ini,2,Immediate,heti2.ogg,-1,
descriptive,2040,left_acute,PACENOTE,CORNERS,RBR,Descriptive.ini,2,,vasen_tiukka_serpo1.ogg,-1,file missing
descriptive,2040,left_acute,PACENOTE,CORNERS,RBR,Descriptive.ini,2,,vasen_tiukka_serpo2.ogg,-1,file missing
descriptive,2041,right_acute,PACENOTE,CORNERS,RBR,Descriptive.ini,2,,oikee_tiukka_serpo1.ogg,-1,file missing
descriptive,2041,right_acute,PACENOTE,CORNERS,RBR,Descriptive.ini,2,,oikee_tiukka_serpo2.ogg,-1,file missing
descriptive,2100,vasemmalta,PACENOTE,LINE,RBR,Extended.ini,1,Keep Left,vasen_laita.ogg,0.02,
descriptive,2101,oikeelta,PACENOTE,LINE,RBR,Extended.ini,1,Keep Right,oikee_laita.ogg,0.03,
descriptive,2102,double,PACENOTE,ADDITIONAL,RBR,Extended.ini,3,Double,tupla1.ogg,0.0,
descriptive,2102,double,PACENOTE,ADDITIONAL,RBR,Extended.ini,3,Double,tupla2.ogg,0.0,
descriptive,2102,double,PACENOTE,ADDITIONAL,RBR,Extended.ini,3,Double,tupla3.ogg,0.0,
descriptive,2103,half_long,PACENOTE,ADDITIONAL,RBR,Extended.ini,1,Half Long,puolipitka1.ogg,0.3,
descriptive,2105,to_finish,PACENOTE,LINKS,RBR,Extended.ini,1,To Finish,maaliin1.ogg,0.05,
descriptive,2106,jump_flat,PACENOTE,OBSTACLES,RBR,Extended.ini,2,Jump Flat,hyppytays1.ogg,-1,
descriptive,2106,jump_flat,PACENOTE,OBSTACLES,RBR,Extended.ini,2,Jump Flat,hyppytays2.ogg,-1,
descriptive,2107,jump_bind,PACENOTE,OBSTACLES,RBR,Extended.ini,2,Jump Tie,hyppysido1.ogg,0.08,
descriptive,2107,jump_bind,PACENOTE,OBSTACLES,RBR,Extended.ini,2,Jump Tie,hyppysido2.ogg,0.08,
descriptive,2108,over_jump,PACENOTE,OBSTACLES,RBR,Extended.ini,2,Over Jump,hypynyli1.ogg,0.02,
descriptive,2108,over_jump,PACENOTE,OBSTACLES,RBR,Extended.ini,2,Over Jump,hypynyli2.ogg,0.02,
descriptive,2109,small_crest,PACENOTE,OBSTACLES,RBR,Extended.ini,2,Small Crest,pikkunyppy1.ogg,0.01,
descriptive,2109,small_crest,PACENOTE,OBSTACLES,RBR,Extended.ini,2,Small Crest,pikkunyppy2.ogg,0.01,
